link,searchString,position
https://receive-smss.com/,receive sms,1
https://receivesms.cc/,receive sms,2
https://www.receivesms.org/,receive sms,3
https://receivesms.info/,receive sms,4
https://receivesms.live/,receive sms,5
https://textrapp.com/free-receive-sms-online-tool/,receive sms,6
https://mytempsms.com/,receive sms,7
https://www.free-sms-receive.com/,receive sms,8
https://smstome.com/,receive sms,9
https://smsreceivefree.net/,receive sms,10
https://receivesms.info/united-states,receive sms,11
https://receivesmss.net/,receive sms,12
https://www.number4sms.com/,receive sms,13
https://receive-sms.com/,receive sms,14
https://receive-sms-free.cc/,receive sms,15
https://sms-receive.net/,receive sms,16
https://cloakmobile.com/,receive sms,17
https://www.receivesms.org/receive-sms-online-from-carepathway/,receive sms,18
http://mini-wahr.de/receive-free-sms-for-whatsapp.html,receive sms,19
http://blumenriviera-shop.de/get-sms-code-online.html,receive sms,20
https://mytempsms.com/receive-sms-from/%E6%B1%9F%E6%B2%B9%E8%AE%BA%E5%9D%9B,receive sms,21
https://www.raymond.cc/blog/top-10-sites-receive-sms-online-without-phone/,receive sms,22
https://online-sms.org/,receive sms,23
https://www.bing.com/rebates/welcome?url=https%3a%2f%2fwww.tenorshare.com%2fiphone-tips%2freceive-message-online.html&murl=https%3a%2f%2fwww.jdoqocy.com%2fclick-9069228-13780954%3furl%3dhttps%253a%252f%252fwww.tenorshare.com%252fiphone-tips%252freceive-message-online.html%26afsrc%3d1%26SID%3d&id=tenorshare&name=Tenorshare&ra=50%&hash=854ba0863d3d3415cac03352762131839a35da39694a572356e01091c2086eab&network=CJ,receive sms,24
http://betsson263-registrieren.de/receive-sms-online-virtual-mobile-number-uk.html,receive sms,25
http://fachschaft-germanistik.de/send-free-sms-without-registration-upto-1000-characters.html,receive sms,26
https://receive-smss.com/,receive sms free,1
https://receivesms.info/,receive sms free,2
https://smsreceivefree.net/,receive sms free,3
https://textrapp.com/free-receive-sms-online-tool/,receive sms free,4
https://smstome.com/,receive sms free,5
https://www.free-sms-receive.com/,receive sms free,6
https://cloakmobile.com/,receive sms free,7
https://receive-sms-free.cc/,receive sms free,8
https://www.receivesms.org/,receive sms free,9
https://mytempsms.com/,receive sms free,10
https://receivesms.live/,receive sms free,11
https://smstools.online/receive-free-sms/,receive sms free,12
https://7sim.net/,receive sms free,13
https://receive-sms-free.cc/Free-USA-Phone-Number/,receive sms free,14
https://smstools.online/receive-free-sms/usa/,receive sms free,15
https://www.getyoursms.com/,receive sms free,16
https://www.online-receive-sms.com/,receive sms free,17
https://receivesms.cc/,receive sms free,18
https://onlinesmsbox.com/,receive sms free,19
https://onlinesim.io/,receive sms free,20
https://receivesmss.net/,receive sms free,21
https://receivefreesms.info/,receive sms free,22
https://receive-sms-online.info/,receive sms free,23
https://www.receivesms365.com/,receive sms free,24
https://freephonenum.com/,receive sms free,25
https://www.receivesms.org/us-phone-numbers/us/,receive sms free,26
https://www.bing.com/rebates/welcome?url=https%3a%2f%2fwww.tenorshare.com%2fiphone-tips%2freceive-message-online.html&murl=https%3a%2f%2fwww.jdoqocy.com%2fclick-9069228-13780954%3furl%3dhttps%253a%252f%252fwww.tenorshare.com%252fiphone-tips%252freceive-message-online.html%26afsrc%3d1%26SID%3d&id=tenorshare&name=Tenorshare&ra=50%&hash=854ba0863d3d3415cac03352762131839a35da39694a572356e01091c2086eab&network=CJ,receive sms free,27
https://mytempsms.com/receive-sms-from/Google,receive sms free,28
https://receive-sms-online.info/inactive-numbers.php,receive sms free,29
https://www.virtualwebphone.com/,receive sms free,30
http://mini-wahr.de/receive-free-sms-for-whatsapp.html,receive sms free,31
https://receivesms.info/germany,receive sms free,32
https://quackr.io/,receive sms free,33
https://onlinesim.ru/en/,receive sms free,34
https://sms-receive.net/,receive sms free,35
https://5sim.net/free,receive sms free,36
https://drfone.wondershare.com/message/receive-message-online.html,receive sms free,37
http://fachschaft-germanistik.de/send-free-sms-without-registration-upto-1000-characters.html,receive sms free,38
https://pingme.tel/receive-sms-online/,receive sms free,39
https://freepublicsms.com/numbers/brazil,receive sms free,40
https://receive-smss.com/,receive sms online,1
https://receivesms.info/,receive sms online,2
https://receive-sms-online.info/,receive sms online,3
https://receivesms.cc/,receive sms online,4
https://www.receivesms.org/,receive sms online,5
https://smstome.com/,receive sms online,6
https://mytempsms.com/,receive sms online,7
https://receivesms.live/,receive sms online,8
https://receiveasmsonline.com/china/,receive sms online,9
https://receiveasmsonline.com/france/,receive sms online,10
https://sms-receive.net/,receive sms online,11
https://www.temp99.com/,receive sms online,12
https://smstools.online/receive-free-sms/,receive sms online,13
https://www.number4sms.com/,receive sms online,14
https://cloakmobile.com/,receive sms online,15
https://online-sms.org/,receive sms online,16
https://mytempsms.com/receive-sms-online/usa-phone-number.html,receive sms online,17
https://receivesms.info/united-states,receive sms online,18
https://receivesmss.net/,receive sms online,19
https://receive-sms.com/,receive sms online,20
https://www.receivesms365.com/,receive sms online,21
https://smstools.online/receive-free-sms/usa/,receive sms online,22
https://receive-sms-free.cc/,receive sms online,23
https://freesms-online.com/phone-numbers,receive sms online,24
https://onlinesim.io/,receive sms online,25
https://www.online-receive-sms.com/,receive sms online,26
https://freephonenum.com/,receive sms online,27
https://www.receivesms.org/receive-sms-online-from-google/,receive sms online,28
https://www.virtualwebphone.com/,receive sms online,29
https://receive-sms.cc/US-Phone-Number/,receive sms online,30
https://receive-sms.com/home,receive sms online,31
https://indiannumber.com/receive-sms/,receive sms online,32
https://oksms.org/,receive sms online,33
https://7sim.net/,receive sms online,34
http://mini-wahr.de/receive-free-sms-for-whatsapp.html,receive sms online,35
http://blumenriviera-shop.de/get-sms-code-online.html,receive sms online,36
https://www.receivesms.org/receive-sms-online-from-carepathway/,receive sms online,37
http://echte-freude-schenken.de/receive-sms-online-91.html,receive sms online,38
https://receivesms.cc/sms/447533340474,receive sms online,39
https://receive-smss.com/sms/6281905013973/,receive sms online,40
https://pingme.tel/receive-sms-online/,receive sms online,41
https://temp-sms.org/,temporary sms,1
https://mytempsms.com/,temporary sms,2
https://smstome.com/,temporary sms,3
https://receive-smss.com/,temporary sms,4
https://oksms.org/,temporary sms,5
https://www.receivesms.org/,temporary sms,6
https://www.temp99.com/,temporary sms,7
https://cloakmobile.com/,temporary sms,8
https://onlinesmsbox.com/,temporary sms,9
https://www.temp-mails.com/,temporary sms,10
https://www.number4sms.com/,temporary sms,11
https://quackr.io/,temporary sms,12
https://online-sms.org/,temporary sms,13
https://freephonenum.com/us,temporary sms,14
https://receivesmss.net/,temporary sms,15
https://www.receivesms365.com/,temporary sms,16
https://www.tesms.net/,temporary sms,17
https://5sim.net/,temporary sms,18
https://receivesms.cc/,temporary sms,19
https://www.getyoursms.com/,temporary sms,20
https://freephonenum.com/,temporary sms,21
https://freepublicsms.com/,temporary sms,22
https://www.virtualwebphone.com/,temporary sms,23
https://temp-sms.org/?ref=Grabify_Nav,temporary sms,24
https://quackr.io/temporary-numbers,temporary sms,25
https://freepublicsms.com/page/Free-Temp-Phone-Number,temporary sms,26
https://receivesms.live/,temporary sms,27
https://onlinesim.io/,temporary sms,28
https://receive-sms-free.cc/,temporary sms,29
https://mytempsms.com/receive-sms-from/discord,temporary sms,30
https://www.temp99.com/Receive/Australia/,temporary sms,31
https://tempsms.net/,temporary sms,32
https://textport.com/temporary-numbers,temporary sms,33
https://onlinesmsbox.com/country/turkey,temporary sms,34
https://receive-smss.com/inactive-numbers/,temporary sms,35
https://5sim.net/?_escaped_fragment_=,temporary sms,36
https://freesms-online.com/,temporary sms,37
https://www.tempsms.net/US-Phone-Number,temporary sms,38
https://temp-sms.net/,temporary sms,39
https://mobilesms.io/,temporary sms,40
https://mytempsms.com/,temporary sms free,1
https://temp-sms.org/,temporary sms free,2
https://smstome.com/,temporary sms free,3
https://receive-smss.com/,temporary sms free,4
https://cloakmobile.com/,temporary sms free,5
https://onlinesmsbox.com/,temporary sms free,6
https://receivesms.info/,temporary sms free,7
https://www.temp99.com/,temporary sms free,8
https://freepublicsms.com/page/Free-Temp-Phone-Number,temporary sms free,9
https://7sim.net/,temporary sms free,10
https://freephonenum.com/,temporary sms free,11
https://oksms.org/,temporary sms free,12
https://receive-sms-free.cc/,temporary sms free,13
https://freepublicsms.com/,temporary sms free,14
https://www.receivesms.org/,temporary sms free,15
https://freephonenum.com/us,temporary sms free,16
https://quackr.io/temporary-numbers,temporary sms free,17
https://mytempsms.com/receive-sms-online/country.html,temporary sms free,18
https://www.number4sms.com/,temporary sms free,19
https://tempsms.net/,temporary sms free,20
https://mytempsms.com/index/article/detail/id/153.html,temporary sms free,21
https://receivesmss.net/,temporary sms free,22
https://www.tesms.net/,temporary sms free,23
https://www.getyoursms.com/,temporary sms free,24
https://www.virtualwebphone.com/,temporary sms free,25
https://www.free-sms-receive.com/,temporary sms free,26
https://www.receivesms365.com/,temporary sms free,27
https://online-sms.org/,temporary sms free,28
https://www.online-receive-sms.com/,temporary sms free,29
https://receivesms.cc/,temporary sms free,30
https://onlinesmsbox.com/country/turkey,temporary sms free,31
https://smstools.online/receive-free-sms/,temporary sms free,32
https://receive-sms-free.cc/Free-USA-Phone-Number/,temporary sms free,33
https://receivesms.live/,temporary sms free,34
https://www.smsonline.cloud/country/Singapore,temporary sms free,35
https://onlinesim.io/,temporary sms free,36
https://temp-sms.org/?ref=Grabify_Nav,temporary sms free,37
http://mini-wahr.de/sms-verification-free.html,temporary sms free,38
https://receive-sms.cc/Receive-SMS-From/Discord,temporary sms free,39
https://www.tempsms.net/US-Phone-Number,temporary sms free,40
https://receive-sms.cc/Receive-SMS-From/WhatsApp,temporary sms free,41
http://freereceivesmsonline.com/,temporary sms free,42
https://www.raymond.cc/blog/top-10-sites-receive-sms-online-without-phone/,public sms inbox,1
https://simpletexting.com/sms-inbox/,public sms inbox,2
https://drfone.wondershare.com/message/receive-message-online.html,public sms inbox,3
https://receive-smss.com/,public sms inbox,4
https://receive-sms.com/,public sms inbox,5
https://onlinesmsbox.com/,public sms inbox,6
https://freepublicsms.com/page/Free-Temp-Phone-Number,public sms inbox,7
https://www.receivesms.org/us-phone-numbers/us/,public sms inbox,8
https://receivesms.cc/,public sms inbox,9
https://www.temp-mails.com/,public sms inbox,10
https://sms-receive.net/,public sms inbox,11
https://freephonenum.com/,public sms inbox,12
https://www.mailinator.com/v4/public/inboxes.jsp,public sms inbox,13
https://www.textlocal.com/support/knowledge-base/viewing-inbox-messages/,public sms inbox,14
https://receive-sms-online.info/,public sms inbox,15
https://www.receivesms.org/,public sms inbox,16
https://freepublicsms.com/page/Fake-Phone-Number-For-Verification,public sms inbox,17
https://microsoft.public.sms.admin.narkive.com/mcwzwMFf/status-manager-inbox-not-created,public sms inbox,18
https://www.mailinator.com/v3/,public sms inbox,19
https://freephonenum.com/us,public sms inbox,20
https://pingme.tel/receive-sms-online-canada-15142250543/,public sms inbox,21
https://www.publicsurplus.com/sms/mys/inbox,public sms inbox,22
https://receiveasms.com/,public sms inbox,23
https://www.skycore.com/help/sms-inbox-mms-inbox/,public sms inbox,24
https://www.publicsurplus.com/sms/mys/inbox?page=2,public sms inbox,25
https://manybrain.github.io/m8rdocs/,public sms inbox,26
https://microsoft.public.sms.misc.narkive.com/vSTF1Ixn/sms-inbox-manager-error-old-cap,public sms inbox,27
https://tylerpaper.com/news/local/public-invited-to-offer-input-on-proposed-extension-of-waljim-street/article_a9d4275a-9e46-11ec-8dd6-1bee33a464a4.html,public sms inbox,28
https://wcfcourier.com/news/local/city-of-waverly-seeks-public-input-on-projects/article_961a03f6-2554-5858-9f60-3006e7414649.html,public sms inbox,29
https://fremonttribune.com/news/local/nebraska-public-media-offers-text-messaging-service-for-busy-parents-caregivers/article_723b9d13-3a11-5195-a168-9aa7eb49ff3c.html,public sms inbox,30
https://www.nwitimes.com/news/local/lake/crown-point/crown-point-public-works-crews-address-water-main-break/article_37e18cc3-3616-5d97-bf42-5a241fd7faf5.html,public sms inbox,31
https://stackoverflow.com/questions/11301046/search-sms-inbox,public sms inbox,32
https://www.disposablemail.com/,public sms inbox,33
https://bismarcktribune.com/news/local/public-meeting-set-on-expressway-intersections/article_a9bfd952-a6a7-5b46-bd60-785daa279c49.html,public sms inbox,34
https://poststar.com/news/local/crandall-public-library-employees-show-off-artistic-skills-in-new-exhibit/article_34197eae-e57f-5075-bc62-d1fec23e83e4.html,public sms inbox,35
https://receive-sms-free.cc/Free-UK-Phone-Number/,public sms inbox,36
https://billingsgazette.com/news/local/billings-public-schools-will-remove-masks-on-buses/article_7494f3e3-da43-5374-a9c6-e27b4a5ebe9d.html,public sms inbox,37
https://stackoverflow.com/questions/848728/how-can-i-read-sms-messages-from-the-device-programmatically-in-android,public sms inbox,38
https://thetandd.com/news/local/orangeburg-home-damaged-by-fire/article_928102dd-bfe6-5636-9b0e-97f7ac545818.html,public sms inbox,39
https://nonpareilonline.com/news/local/council-bluffs-to-host-public-meetings-on-waste-collection-contracts/article_4df11816-9bf9-11ec-9575-7f432d92ce71.html,public sms inbox,40
https://kearneyhub.com/news/local/kearney-public-schools-girls-designed-bookmark-win-contest/article_3d0e7db2-89c6-11ec-b8f7-3bdb6bb0b72b.html,public sms inbox,41
https://helenair.com/news/local/public-health-lewis-and-clark-co-covid-19-contact-tracing-goes-automated/article_6d0feb95-caea-5f78-b969-3aa2d9458c4c.html,public sms inbox,42
https://billingsgazette.com/news/local/billings-public-schools-will-remove-mask-mandate/article_66d4528a-af95-586b-a3cb-2aece0be33e7.html,public sms inbox,43
https://omaha.com/opinion/letters/the-public-pulse-revitalize-downtown-presidential-debates-prison-coverage/article_17fafede-7f93-11ec-9566-83d66faeb8cf.html,public sms inbox,44
