source;searchString;rank;host
tranco;sms;35952;receive-smss.com
tranco;sms;43785;receive-sms-free.cc
tranco;sms;51937;smsreceivefree.com
tranco;sms;56657;sms24.me
tranco;sms;62437;receivesms.co
tranco;sms;63741;freereceivesms.com
tranco;sms;67428;receive-sms.cc
tranco;sms;79431;receive-sms-online.info
tranco;sms;81847;mytempsms.com
tranco;sms;136635;zusms.com
tranco;sms;148567;z-sms.com
tranco;sms;153654;online-sms.org
tranco;sms;155547;getfreesmsnumber.com
tranco;sms;228623;sms-online.co
tranco;sms;251107;receive-sms.com
tranco;sms;255851;sms-acktiwator.ru
tranco;sms;266118;sms-receive.net
tranco;sms;286212;receivesmsonline.net
tranco;sms;412300;smsreceive.site
tranco;sms;458794;receiveasms.com
tranco;sms;537287;receivesms.live
tranco;sms;562938;receivefreesms.net
tranco;sms;622696;yunjisms.xyz
tranco;sms;625243;temp-sms.org
tranco;sms;646473;smstools.online
tranco;sms;656010;receive-sms-online.cc
tranco;sms;716974;freesmscenter.com
tranco;sms;750099;xnsms.com
tranco;sms;864914;smstome.com
tranco;sms;910094;smsonline.cloud
tranco;sms;943229;smser.net
tranco;sms;951569;free-sms-receive.com
tranco;sms;957570;receivesmsfast.com
tranco;sms;987309;bestreceivesms.com
tranco;sms;991740;smsbo.com
google;receive sms;9;freephonenum.com
google;receive sms;14;pingme.tel
google;receive sms;28;temporary-phone-number.com
google;receive sms;42;textrapp.com
google;receive sms;44;us-phone-number.com
google;receive sms free;8;freephonenum.com
google;receive sms free;14;7sim.net
google;receive sms free;15;quackr.io
google;receive sms free;28;onlinesim.ru
google;receive sms free;29;tesms.net
google;receive sms free;34;onlinesim.io
google;receive sms free;38;bfkdim.com
google;receive sms free;42;sms.sellaite.com
google;receive sms free;47;spytm.com
google;receive sms online;39;freeonlinephone.org
google;temporary sms;9;temp-number.com
google;temporary sms;27;temp99.com
google;temporary sms;36;number4sms.com
google;temporary sms free;49;karteplus.com
google;public sms inbox;38;temp-mails.com
bing;receive sms;4;receivesms.info
bing;receive sms;10;smsreceivefree.net
bing;receive sms;17;cloakmobile.com
bing;receive sms free;17;online-receive-sms.com
bing;receive sms free;19;onlinesmsbox.com
bing;receive sms free;22;receivefreesms.info
bing;receive sms free;24;receivesms365.com
bing;receive sms free;30;virtualwebphone.com
bing;receive sms free;40;freepublicsms.com
bing;receive sms online;9;receiveasmsonline.com
bing;receive sms online;32;indiannumber.com
bing;temporary sms;39;temp-sms.net
cheng;;;yinsiduanxin.com
cheng;;;mianfeijiema.com
cheng;;;yunduanxin.net
cheng;;;yunjiema.net
