url,source,searchString,rank,host,isInbox,inboxUrl,monetization,tos,privacy
http://autismspeaks.org,tranco,,6867,autismspeaks.org,False,,,,
http://isms.pk,tranco,,20155,isms.pk,False,,,,
http://farazsms.com,tranco,,24403,farazsms.com,False,,,,
http://wishesmsg.com,tranco,,24438,wishesmsg.com,False,,,,
http://rsms.me,tranco,,25546,rsms.me,False,,,,
http://sms-activate.org,tranco,,27794,sms-activate.org,False,,,,
http://smsaexpress.com,tranco,,28906,smsaexpress.com,False,,,,
http://sms.ir,tranco,,34721,sms.ir,False,,,,
http://smsbump.com,tranco,,34849,smsbump.com,False,,,,
http://receive-smss.com,tranco,,35952,receive-smss.com,True,https://receive-smss.com/sms/16465106465/,GenericAd PremiumService,None,https://receive-smss.com/privacy
http://receive-sms-free.cc,tranco,,43785,receive-sms-free.cc,True,https://receive-sms-free.cc/Free-USA-Phone-Number/15597124958/,GenericAd,https://receive-sms-free.cc/privacy-policy.html,https://receive-sms-free.cc/privacy-policy.html
http://smsreceivefree.com,tranco,,51937,smsreceivefree.com,True,https://smsreceivefree.com/info/17193878875/,GenericAd,https://smsreceivefree.com/terms/,https://smsreceivefree.com/terms/
http://sms24.me,tranco,,56657,sms24.me,True,https://sms24.me/en/numbers/61485816993/,GenericAd,None,https://sms24.me/en/privacy/
http://shionismscol.xyz,tranco,,56994,shionismscol.xyz,False,,,,
http://123autismschool.com,tranco,,58021,123autismschool.com,False,,,,
http://receivesms.co,tranco,,62437,receivesms.co,True,https://www.receivesms.co/us-phone-number/3471/,GenericAd,https://www.receivesms.co/terms/,https://www.receivesms.co/terms/
http://freereceivesms.com,tranco,,63741,freereceivesms.com,True,https://www.freereceivesms.com/us/470.html,GenericAd,https://www.freereceivesms.com/privacy/,https://www.freereceivesms.com/privacy/
http://bulksms.com,tranco,,64035,bulksms.com,False,,,,
http://mysms.com,tranco,,66132,mysms.com,False,,,,
http://receive-sms.cc,tranco,,67428,receive-sms.cc,True,https://receive-sms.cc/US-Phone-Number/15597124958,GenericAd,https://receive-sms.cc/Privacy/,https://receive-sms.cc/Privacy/
http://jsmsat.com,tranco,,68213,jsmsat.com,False,,,,
http://smspva.com,tranco,,71689,smspva.com,False,,,,
http://carcodesms.com,tranco,,73764,carcodesms.com,False,,,,
http://receive-sms-online.info,tranco,,79431,receive-sms-online.info,True,http://receive-sms-online.info/919417975203-India,GenericAd,http://receive-sms-online.info/terms.php,http://receive-sms-online.info/privacy.php
http://smsu.edu,tranco,,80337,smsu.edu,False,,,,
http://mytempsms.com,tranco,,81847,mytempsms.com,True,https://mytempsms.com/receive-sms-online/uk-phone-number-3820843125.html,GenericAd,None,None
http://usms.org,tranco,,82426,usms.org,False,,,,
http://sms-service-online.com,tranco,,84008,sms-service-online.com,False,,,,
http://smsbankasi.net,tranco,,85597,smsbankasi.net,False,,,,
http://osmsinc.com,tranco,,89822,osmsinc.com,False,,,,
http://bdsmstreak.com,tranco,,90004,bdsmstreak.com,False,,,,
http://pulsesms.app,tranco,,99008,pulsesms.app,False,,,,
http://sms-man.com,tranco,,101679,sms-man.com,False,,,,
http://solarwindsmsp.com,tranco,,101958,solarwindsmsp.com,False,,,,
http://sms.red,tranco,,112451,sms.red,False,,,,
http://wosms.cn,tranco,,113747,wosms.cn,False,,,,
http://fast2sms.com,tranco,,113925,fast2sms.com,False,,,,
http://joinsmsn.com,tranco,,114223,joinsmsn.com,False,,,,
http://smsalert.co.in,tranco,,118788,smsalert.co.in,False,,,,
http://smsindiahub.in,tranco,,119673,smsindiahub.in,False,,,,
http://smsc.ru,tranco,,121366,smsc.ru,False,,,,
http://smsorg.ge,tranco,,125887,smsorg.ge,False,,,,
http://cialismstore.com,tranco,,129595,cialismstore.com,False,,,,
http://painafterorgasms.com,tranco,,129970,painafterorgasms.com,False,,,,
http://zusms.com,tranco,,136635,zusms.com,True,https://www.zusms.com/messages/616a4717471ecb17e82c155b,GenericAd,https://www.zusms.com/sites/policies,https://www.zusms.com/sites/policies
http://smsmarket.co.kr,tranco,,138323,smsmarket.co.kr,False,,,,
http://canadianpharmaciesmsn.com,tranco,,139480,canadianpharmaciesmsn.com,False,,,,
http://smsd.org,tranco,,140319,smsd.org,False,,,,
http://raygansms.com,tranco,,142126,raygansms.com,False,,,,
http://smstender.ru,tranco,,146451,smstender.ru,False,,,,
http://onlinesms.co.kr,tranco,,146825,onlinesms.co.kr,False,,,,
http://z-sms.com,tranco,,148567,z-sms.com,True,http://z-sms.com/sms-receive-free.php?pho_num=17085464350&1,GenericAd,None,None
http://online-sms.org,tranco,,153654,online-sms.org,True,https://online-sms.org/de/free-phone-number-16098508156,GenericAd TemporaryNumberAd,None,None
http://sms.cz,tranco,,154542,sms.cz,False,,,,
http://getfreesmsnumber.com,tranco,,155547,getfreesmsnumber.com,True,https://getfreesmsnumber.com/virtual-phone/p-46764916316,GenericAd TemporaryNumberAd,None,None
http://bulksmsnigeria.com,tranco,,155951,bulksmsnigeria.com,False,,,,
http://smspva.net,tranco,,156018,smspva.net,False,,,,
http://usmsystems.com,tranco,,158373,usmsystems.com,False,,,,
http://smsupermalls.com,tranco,,158629,smsupermalls.com,False,,,,
http://way2sms.com,tranco,,169157,way2sms.com,False,,,,
http://tourismsaskatchewan.com,tranco,,170480,tourismsaskatchewan.com,False,,,,
http://gsmspain.com,tranco,,170844,gsmspain.com,False,,,,
http://afreesms.com,tranco,,171661,afreesms.com,False,,,,
http://xiaozhusms.com,tranco,,172779,xiaozhusms.com,False,,,,
http://smscountry.com,tranco,,174127,smscountry.com,False,,,,
http://cialisms.com,tranco,,174236,cialisms.com,False,,,,
http://smscodes.io,tranco,,178412,smscodes.io,False,,,,
http://creativemechanisms.com,tranco,,180548,creativemechanisms.com,False,,,,
http://smspower.org,tranco,,191006,smspower.org,False,,,,
http://benchmarksms.cf,tranco,,193568,benchmarksms.cf,False,,,,
http://quoteswishesmsg.com,tranco,,193987,quoteswishesmsg.com,False,,,,
http://smsverify.pro,tranco,,194722,smsverify.pro,False,,,,
http://celersms.com,tranco,,200123,celersms.com,False,,,,
http://bzzsms.com,tranco,,200911,bzzsms.com,False,,,,
http://ismschools.com.au,tranco,,202593,ismschools.com.au,False,,,,
http://sms-group.com,tranco,,209680,sms-group.com,False,,,,
http://refersms.com,tranco,,210223,refersms.com,False,,,,
http://niksms.com,tranco,,216780,niksms.com,False,,,,
http://tourismselect.com,tranco,,217071,tourismselect.com,False,,,,
http://smsglobal.com,tranco,,217764,smsglobal.com,False,,,,
http://turkeysms.com.tr,tranco,,218863,turkeysms.com.tr,False,,,,
http://casms.org,tranco,,221252,casms.org,False,,,,
http://smsgatewayhub.com,tranco,,226157,smsgatewayhub.com,False,,,,
http://bulksmsgateway.in,tranco,,228002,bulksmsgateway.in,False,,,,
http://sms.ru,tranco,,228316,sms.ru,False,,,,
http://sms-online.co,tranco,,228623,sms-online.co,True,https://sms-online.co/de/kostenlos-sms-empfangen/12018577757,GenericAd,https://sms-online.co/terms,https://sms-online.co/privacy
http://smsmgifts.com,tranco,,231472,smsmgifts.com,False,,,,
http://smsgupshup.com,tranco,,234239,smsgupshup.com,False,,,,
http://receivesms.org,tranco,,234981,receivesms.org,False,,,,
http://teleosms.com,tranco,,240324,teleosms.com,False,,,,
http://newsmsk.com,tranco,,243551,newsmsk.com,False,,,,
http://receive-sms-online.com,tranco,,245542,receive-sms-online.com,False,,,,
http://receivefreesms.com,tranco,,246927,receivefreesms.com,False,,,,
http://smsinfo.io,tranco,,248124,smsinfo.io,False,,,,
http://receive-sms.com,tranco,,251107,receive-sms.com,True,https://receive-sms.com/12066564435,TemporaryNumberAd,None,None
http://jsms.jp,tranco,,255544,jsms.jp,False,,,,
http://sms-acktiwator.ru,tranco,,255851,sms-acktiwator.ru,True,https://sms-acktiwator.ru/,GenericAd TemporaryNumberAd,None,None
http://numarasmsonay.com,tranco,,258345,numarasmsonay.com,False,,,,
http://getitsms.com,tranco,,260364,getitsms.com,False,,,,
http://smsphoneleads.com,tranco,,262707,smsphoneleads.com,False,,,,
http://sms-receive.net,tranco,,266118,sms-receive.net,True,http://sms-receive.net/447488810929-UK,GenericAd,http://sms-receive.net/terms.php,http://sms-receive.net/privacy.php
http://smsmisr.com,tranco,,267543,smsmisr.com,False,,,,
http://smsonay.com,tranco,,270274,smsonay.com,False,,,,
http://smsbits.in,tranco,,270335,smsbits.in,False,,,,
http://gsmserver.com,tranco,,270400,gsmserver.com,False,,,,
http://asmscience.org,tranco,,270826,asmscience.org,False,,,,
http://prismstandard.org,tranco,,271395,prismstandard.org,False,,,,
http://smsproducts.com,tranco,,272832,smsproducts.com,False,,,,
http://ghasedaksms.com,tranco,,274278,ghasedaksms.com,False,,,,
http://bangla-love-sms.com,tranco,,275634,bangla-love-sms.com,False,,,,
http://dnsmsn.com,tranco,,277087,dnsmsn.com,False,,,,
http://sms-activate.ru,tranco,,279129,sms-activate.ru,False,,,,
http://smsxpert.in,tranco,,283184,smsxpert.in,False,,,,
http://casinoslotsms.com,tranco,,283231,casinoslotsms.com,False,,,,
http://kotsms.com.tw,tranco,,284840,kotsms.com.tw,False,,,,
http://receivesmsonline.net,tranco,,286212,receivesmsonline.net,True,https://www.receivesmsonline.net/receive-sms-online-vip-19022008661.html,GenericAd,None,https://www.receivesmsonline.net/privacy-policy.php
http://easysendsms.com,tranco,,287309,easysendsms.com,False,,,,
http://sms4smile.com,tranco,,291710,sms4smile.com,False,,,,
http://smsapproval.com,tranco,,292323,smsapproval.com,False,,,,
http://mysmsbox.ru,tranco,,296699,mysmsbox.ru,False,,,,
http://autismspeaks.ca,tranco,,299865,autismspeaks.ca,False,,,,
http://compassmsp.com,tranco,,301594,compassmsp.com,False,,,,
http://unosms.us,tranco,,301613,unosms.us,False,,,,
http://ptechsms.co.in,tranco,,301770,ptechsms.co.in,False,,,,
http://autismsciencefoundation.org,tranco,,304329,autismsciencefoundation.org,False,,,,
http://smsassist.com,tranco,,306637,smsassist.com,False,,,,
http://0098sms.com,tranco,,307129,0098sms.com,False,,,,
http://daoisms.org,tranco,,311877,daoisms.org,False,,,,
http://tunisiesms.tn,tranco,,312637,tunisiesms.tn,False,,,,
http://freecasinogamesms.com,tranco,,312724,freecasinogamesms.com,False,,,,
http://smsinsta.com,tranco,,314421,smsinsta.com,False,,,,
http://msmsu.ru,tranco,,318554,msmsu.ru,False,,,,
http://smshub.org,tranco,,321942,smshub.org,False,,,,
http://oksms.org,tranco,,322106,oksms.org,False,,,,
http://aphorismsgalore.com,tranco,,322121,aphorismsgalore.com,False,,,,
http://max-sms.ir,tranco,,326013,max-sms.ir,False,,,,
http://cialismsnrx.com,tranco,,326043,cialismsnrx.com,False,,,,
http://autismspectrum.org.au,tranco,,330626,autismspectrum.org.au,False,,,,
http://frontlinesms.com,tranco,,331847,frontlinesms.com,False,,,,
http://asms.org,tranco,,331854,asms.org,False,,,,
http://ahlsmsworld.com,tranco,,332474,ahlsmsworld.com,False,,,,
http://smartsmssolutions.com,tranco,,342447,smartsmssolutions.com,False,,,,
http://zsmspb.ru,tranco,,344604,zsmspb.ru,False,,,,
http://sms.at,tranco,,344760,sms.at,False,,,,
http://usms.ac.ma,tranco,,345624,usms.ac.ma,False,,,,
http://bcbsms.com,tranco,,354037,bcbsms.com,False,,,,
http://mobilesms.io,tranco,,354138,mobilesms.io,False,,,,
http://bsms.ac.uk,tranco,,358095,bsms.ac.uk,False,,,,
http://99smsservice.com,tranco,,360702,99smsservice.com,False,,,,
http://smsbenkad.com,tranco,,362042,smsbenkad.com,False,,,,
http://northwoodsmstc.org,tranco,,362166,northwoodsmstc.org,False,,,,
http://smspinverify.com,tranco,,362199,smspinverify.com,False,,,,
http://vip1sms.com,tranco,,363126,vip1sms.com,False,,,,
http://netbulksms.com,tranco,,364915,netbulksms.com,False,,,,
http://yourbulksms.com,tranco,,365301,yourbulksms.com,False,,,,
http://smsg.gr,tranco,,368497,smsg.gr,False,,,,
http://bulksmsoperators.com,tranco,,375305,bulksmsoperators.com,False,,,,
http://smsportal.com,tranco,,379317,smsportal.com,False,,,,
http://sendsmsnow.com,tranco,,385742,sendsmsnow.com,False,,,,
http://vvgudsms.com,tranco,,386008,vvgudsms.com,False,,,,
http://moonsms.co.kr,tranco,,388005,moonsms.co.kr,False,,,,
http://nicesms.co.kr,tranco,,392660,nicesms.co.kr,False,,,,
http://smsit.ai,tranco,,393383,smsit.ai,False,,,,
http://voyagesms.com,tranco,,394695,voyagesms.com,False,,,,
http://smsb.co,tranco,,395989,smsb.co,False,,,,
http://payamsms.com,tranco,,396689,payamsms.com,False,,,,
http://esmsv.com,tranco,,397747,esmsv.com,False,,,,
http://msms.org,tranco,,402930,msms.org,False,,,,
http://thesmstore.com,tranco,,405670,thesmstore.com,False,,,,
http://smsolar.net,tranco,,407788,smsolar.net,False,,,,
http://icommktsms.co,tranco,,408008,icommktsms.co,False,,,,
http://smsc.com,tranco,,411446,smsc.com,False,,,,
http://mimsms.com,tranco,,411841,mimsms.com,False,,,,
http://smsreceive.site,tranco,,412300,smsreceive.site,True,https://smsreceive.site/de/Home/Messages?link=sefer1%2F12018577757&NumberView=%2B1201-857-7757&co=United%20States&flag=us.png,GenericAd,None,None
http://esms.vn,tranco,,413673,esms.vn,False,,,,
http://autismsupportnetwork.com,tranco,,419981,autismsupportnetwork.com,False,,,,
http://smskb.com,tranco,,420886,smskb.com,False,,,,
http://sms-magic.com,tranco,,422378,sms-magic.com,False,,,,
http://triosms.com,tranco,,425005,triosms.com,False,,,,
http://jaipurbulksms.com,tranco,,425663,jaipurbulksms.com,False,,,,
http://nextsms.co.tz,tranco,,427343,nextsms.co.tz,False,,,,
http://smsbox.in,tranco,,430930,smsbox.in,False,,,,
http://turbosms.ua,tranco,,431392,turbosms.ua,False,,,,
http://autismsociety-nc.org,tranco,,432820,autismsociety-nc.org,False,,,,
http://smartsms.ir,tranco,,436243,smartsms.ir,False,,,,
http://plagiarismsearch.com,tranco,,437081,plagiarismsearch.com,False,,,,
http://pensms.com,tranco,,437671,pensms.com,False,,,,
http://smsgorod.ru,tranco,,438116,smsgorod.ru,False,,,,
http://routesms.com,tranco,,447544,routesms.com,False,,,,
http://onlysms.in,tranco,,449537,onlysms.in,False,,,,
http://smsapi.com,tranco,,452287,smsapi.com,False,,,,
http://smslucknow.com,tranco,,453385,smslucknow.com,False,,,,
http://bulksmsbd.com,tranco,,454141,bulksmsbd.com,False,,,,
http://smsidea.com,tranco,,456187,smsidea.com,False,,,,
http://trillionsms.com,tranco,,457484,trillionsms.com,False,,,,
http://receiveasms.com,tranco,,458794,receiveasms.com,True,https://receiveasms.com/usa,TemporaryNumberAd GenericAd,None,None
http://tsms.ir,tranco,,460031,tsms.ir,False,,,,
http://smsna.org,tranco,,461036,smsna.org,False,,,,
http://smsjust.com,tranco,,461896,smsjust.com,False,,,,
http://ebulksms.com,tranco,,465999,ebulksms.com,False,,,,
http://cato-sms.com,tranco,,474639,cato-sms.com,False,,,,
http://medianasms.com,tranco,,479825,medianasms.com,False,,,,
http://pgsms.co,tranco,,481755,pgsms.co,False,,,,
http://tabansms.com,tranco,,486103,tabansms.com,False,,,,
http://thesms.in,tranco,,487390,thesms.in,False,,,,
http://wp-sms-pro.com,tranco,,487489,wp-sms-pro.com,False,,,,
http://smsbomber.online,tranco,,492437,smsbomber.online,False,,,,
http://sms-reg.com,tranco,,495336,sms-reg.com,False,,,,
http://sms.to,tranco,,495434,sms.to,False,,,,
http://bulksms-marketing.com,tranco,,496825,bulksms-marketing.com,False,,,,
http://smsik.su,tranco,,498740,smsik.su,False,,,,
http://onlinesmsmarketing.com,tranco,,500616,onlinesmsmarketing.com,False,,,,
http://sms2video.ru,tranco,,503770,sms2video.ru,False,,,,
http://fancysms.com,tranco,,507254,fancysms.com,False,,,,
http://electricsms.com,tranco,,509999,electricsms.com,False,,,,
http://sendanonymoussms.com,tranco,,510681,sendanonymoussms.com,False,,,,
http://shamelsms.net,tranco,,516032,shamelsms.net,False,,,,
http://tourismsaskatoon.com,tranco,,516266,tourismsaskatoon.com,False,,,,
http://dsmsu.gov.ua,tranco,,518319,dsmsu.gov.ua,False,,,,
http://verifywithsms.com,tranco,,518945,verifywithsms.com,False,,,,
http://smskhalsalabanacollege.org,tranco,,519246,smskhalsalabanacollege.org,False,,,,
http://webone-sms.ir,tranco,,520394,webone-sms.ir,False,,,,
http://ozekisms.com,tranco,,521523,ozekisms.com,False,,,,
http://hamyarsms.com,tranco,,523934,hamyarsms.com,False,,,,
http://thaibulksms.com,tranco,,526622,thaibulksms.com,False,,,,
http://sms40.com,tranco,,527060,sms40.com,False,,,,
http://smsxabar.uz,tranco,,527253,smsxabar.uz,False,,,,
http://cialismsnntx.com,tranco,,528418,cialismsnntx.com,False,,,,
http://gbestsms.com,tranco,,528677,gbestsms.com,False,,,,
http://smspd.com,tranco,,532474,smspd.com,False,,,,
http://mysmsmantra.com,tranco,,535116,mysmsmantra.com,False,,,,
http://receivesms.live,tranco,,537287,receivesms.live,True,https://receivesms.live/messages?n=447897030765,GenericAd,https://receivesms.live/terms,None
http://amoozeshmosms.ir,tranco,,538939,amoozeshmosms.ir,False,,,,
http://mobilesmspk.net,tranco,,539464,mobilesmspk.net,False,,,,
http://egosms.co,tranco,,547195,egosms.co,False,,,,
http://getsmscode.com,tranco,,550312,getsmscode.com,False,,,,
http://bulksmsplans.com,tranco,,550332,bulksmsplans.com,False,,,,
http://smsbox.com,tranco,,550977,smsbox.com,False,,,,
http://yfsms.com,tranco,,552024,yfsms.com,False,,,,
http://easysms.com.tw,tranco,,552406,easysms.com.tw,False,,,,
http://smsl-audio.com,tranco,,553616,smsl-audio.com,False,,,,
http://smsticket.cz,tranco,,557527,smsticket.cz,False,,,,
http://bhashsms.com,tranco,,558056,bhashsms.com,False,,,,
http://smsapi.pl,tranco,,560365,smsapi.pl,False,,,,
http://receive-sms-now.com,tranco,,561871,receive-sms-now.com,False,,,,
http://amootsms.com,tranco,,562336,amootsms.com,False,,,,
http://receivefreesms.net,tranco,,562938,receivefreesms.net,True,https://receivefreesms.net/free-sms-19022008661.html,GenericAd,None,https://receivefreesms.net/privacy-policy.php
http://kudisms.net,tranco,,563306,kudisms.net,False,,,,
http://esmsolutions.com,tranco,,564194,esmsolutions.com,False,,,,
http://dove-sms.com,tranco,,564937,dove-sms.com,False,,,,
http://smsmkt.com,tranco,,567391,smsmkt.com,False,,,,
http://sms-timing.com,tranco,,569043,sms-timing.com,False,,,,
http://isms.online,tranco,,571281,isms.online,False,,,,
http://vak-sms.com,tranco,,578191,vak-sms.com,False,,,,
http://egysms.com,tranco,,578669,egysms.com,False,,,,
http://autismsitters.com,tranco,,582294,autismsitters.com,False,,,,
http://prismsound.com,tranco,,586436,prismsound.com,False,,,,
http://smsrecyclingequip.com,tranco,,587299,smsrecyclingequip.com,False,,,,
http://smsconnect.ro,tranco,,587312,smsconnect.ro,False,,,,
http://candoosms.com,tranco,,588414,candoosms.com,False,,,,
http://webone-sms.com,tranco,,598686,webone-sms.com,False,,,,
http://nowsms.com,tranco,,600141,nowsms.com,False,,,,
http://smsdigito.com,tranco,,605078,smsdigito.com,False,,,,
http://jawalbsms.ws,tranco,,606968,jawalbsms.ws,False,,,,
http://mysmsalert.com.ng,tranco,,607359,mysmsalert.com.ng,False,,,,
http://cit-sms.com,tranco,,608929,cit-sms.com,False,,,,
http://winsms.io,tranco,,611707,winsms.io,False,,,,
http://smsumustangs.com,tranco,,612572,smsumustangs.com,False,,,,
http://smsonline.ir,tranco,,613674,smsonline.ir,False,,,,
http://smsonay.co,tranco,,616240,smsonay.co,False,,,,
http://bm-sms.co.jp,tranco,,616574,bm-sms.co.jp,False,,,,
http://psmsl.org,tranco,,617752,psmsl.org,False,,,,
http://dsmsolutions.cl,tranco,,620744,dsmsolutions.cl,False,,,,
http://isms.ir,tranco,,621725,isms.ir,False,,,,
http://yunjisms.xyz,tranco,,622696,yunjisms.xyz,True,https://yunjisms.xyz/messages/2741334890,GenericAd,https://yunjisms.xyz/sites/policies,https://yunjisms.xyz/sites/policies
http://temp-sms.org,tranco,,625243,temp-sms.org,True,https://temp-sms.org/sms/642109135060,GenericAd,https://temp-sms.org/tos,https://temp-sms.org/privacy
http://bestlovesms.in,tranco,,625523,bestlovesms.in,False,,,,
http://dentalmedicaltourismserbia.com,tranco,,626565,dentalmedicaltourismserbia.com,False,,,,
http://bdsmsex.top,tranco,,627455,bdsmsex.top,False,,,,
http://shortysms.com,tranco,,629133,shortysms.com,False,,,,
http://smshorizon.co.in,tranco,,633646,smshorizon.co.in,False,,,,
http://smskull.com,tranco,,636545,smskull.com,False,,,,
http://tirupatisms.com,tranco,,637860,tirupatisms.com,False,,,,
http://yotasms.ir,tranco,,646343,yotasms.ir,False,,,,
http://smstools.online,tranco,,646473,smstools.online,True,https://smstools.online/receive-free-sms/belgium/593-32460210381,None,https://smstools.online/receive-free-sms/#terms-of-use,None
http://sms-system.com.tw,tranco,,646927,sms-system.com.tw,False,,,,
http://analyticsmsp.com,tranco,,647621,analyticsmsp.com,False,,,,
http://sibsms.com,tranco,,647669,sibsms.com,False,,,,
http://vatansms.com,tranco,,648727,vatansms.com,False,,,,
http://quick2sms.com,tranco,,653245,quick2sms.com,False,,,,
http://smsr.info,tranco,,653258,smsr.info,False,,,,
http://gwsms.us,tranco,,656007,gwsms.us,False,,,,
http://receive-sms-online.cc,tranco,,656010,receive-sms-online.cc,True,https://receive-sms-online.cc/Free-US-Phone-Number-18436060295,GenericAd,https://receive-sms-online.cc/Terms/,https://receive-sms-online.cc/Terms/
http://sms-muzeji.si,tranco,,658322,sms-muzeji.si,False,,,,
http://rocketsms.by,tranco,,658794,rocketsms.by,False,,,,
http://sms77.io,tranco,,661497,sms77.io,False,,,,
http://sms-ge.ch,tranco,,662841,sms-ge.ch,False,,,,
http://niazpardaz-sms.com,tranco,,663255,niazpardaz-sms.com,False,,,,
http://tsms.org.in,tranco,,666696,tsms.org.in,False,,,,
http://smsitgroup.com,tranco,,668994,smsitgroup.com,False,,,,
http://burstsms.com.au,tranco,,670000,burstsms.com.au,False,,,,
http://safsms.cloud,tranco,,670689,safsms.cloud,False,,,,
http://bsmschool.org,tranco,,671622,bsmschool.org,False,,,,
http://mangasms.com,tranco,,673757,mangasms.com,False,,,,
http://sms-profit.net,tranco,,675361,sms-profit.net,False,,,,
http://voicesms.co.in,tranco,,675786,voicesms.co.in,False,,,,
http://powersms.kr,tranco,,676807,powersms.kr,False,,,,
http://jawalsms.net,tranco,,677339,jawalsms.net,False,,,,
http://bulksmsind.in,tranco,,682369,bulksmsind.in,False,,,,
http://smsint.ru,tranco,,684286,smsint.ru,False,,,,
http://funnyisms.com,tranco,,689870,funnyisms.com,False,,,,
http://onlinepromosms.com,tranco,,690567,onlinepromosms.com,False,,,,
http://smseller.com,tranco,,694986,smseller.com,False,,,,
http://smsservice.ir,tranco,,698448,smsservice.ir,False,,,,
http://sms-service.co,tranco,,698919,sms-service.co,False,,,,
http://smstrackers.com,tranco,,699172,smstrackers.com,False,,,,
http://sms.ac,tranco,,699915,sms.ac,False,,,,
http://kaspisms.com,tranco,,707882,kaspisms.com,False,,,,
http://sms4file.com,tranco,,710322,sms4file.com,False,,,,
http://hnsmsj.com,tranco,,711595,hnsmsj.com,False,,,,
http://freesmscenter.com,tranco,,716974,freesmscenter.com,True,https://freesmscenter.com/SmsReceive/United%20Kingdom-Phone-Number/447883269920,GenericAd,https://freesmscenter.com/terms-services,https://freesmscenter.com/Privacy-Policy
http://smsq.com.bd,tranco,,717884,smsq.com.bd,False,,,,
http://smsbao.com,tranco,,720736,smsbao.com,False,,,,
http://happywishesmsg.com,tranco,,721475,happywishesmsg.com,False,,,,
http://smspetropolis.net.br,tranco,,727322,smspetropolis.net.br,False,,,,
http://bulksms.company,tranco,,729297,bulksms.company,False,,,,
http://smsbongda.net,tranco,,729972,smsbongda.net,False,,,,
http://ismsmessages.com,tranco,,737916,ismsmessages.com,False,,,,
http://smsdealnow.com,tranco,,744260,smsdealnow.com,False,,,,
http://falizsms.com,tranco,,744491,falizsms.com,False,,,,
http://pavansms.com,tranco,,745932,pavansms.com,False,,,,
http://getsms.online,tranco,,747361,getsms.online,False,,,,
http://smsvk.net,tranco,,747979,smsvk.net,False,,,,
http://argusmso.com,tranco,,748456,argusmso.com,False,,,,
http://roundsms.com,tranco,,748757,roundsms.com,False,,,,
http://foxxsms.net,tranco,,749378,foxxsms.net,False,,,,
http://xnsms.com,tranco,,750099,xnsms.com,True,http://xnsms.com/test/getPhoneData?phone=87748111884,GenericAd,None,None
http://smsq.global,tranco,,751400,smsq.global,False,,,,
http://sms-tsunami-warning.com,tranco,,752688,sms-tsunami-warning.com,False,,,,
http://speedsms.in,tranco,,753132,speedsms.in,False,,,,
http://mtnsms.com,tranco,,755867,mtnsms.com,False,,,,
http://isms.jp,tranco,,759614,isms.jp,False,,,,
http://csms.org,tranco,,759776,csms.org,False,,,,
http://smshubs.net,tranco,,768650,smshubs.net,False,,,,
http://tsmsportz.com,tranco,,768684,tsmsportz.com,False,,,,
http://perfectbulksms.com,tranco,,771031,perfectbulksms.com,False,,,,
http://sms-mms-free.ru,tranco,,771135,sms-mms-free.ru,False,,,,
http://smseg.com,tranco,,771461,smseg.com,False,,,,
http://zimmersms.com,tranco,,772675,zimmersms.com,False,,,,
http://smspishgam.com,tranco,,773672,smspishgam.com,False,,,,
http://simsms.org,tranco,,781331,simsms.org,False,,,,
http://smsfinance.ru,tranco,,783716,smsfinance.ru,False,,,,
http://oursms.com,tranco,,788870,oursms.com,False,,,,
http://trovesms.com,tranco,,791057,trovesms.com,False,,,,
http://asmsi.org.ph,tranco,,803620,asmsi.org.ph,False,,,,
http://msmsu-portal.ru,tranco,,805150,msmsu-portal.ru,False,,,,
http://smshighway.com,tranco,,806187,smshighway.com,False,,,,
http://smsmasivos.com.mx,tranco,,807361,smsmasivos.com.mx,False,,,,
http://walknowforautismspeaks.org,tranco,,807652,walknowforautismspeaks.org,False,,,,
http://smsgangwal.in,tranco,,808313,smsgangwal.in,False,,,,
http://asmscholarships.com,tranco,,810959,asmscholarships.com,False,,,,
http://hiro-sms.com,tranco,,813636,hiro-sms.com,False,,,,
http://smscomparison.com,tranco,,814731,smscomparison.com,False,,,,
http://smsnotify.net,tranco,,818140,smsnotify.net,False,,,,
http://give-sms.com,tranco,,819188,give-sms.com,False,,,,
http://smstiger.co.in,tranco,,819852,smstiger.co.in,False,,,,
http://dailyhindisms.com,tranco,,821881,dailyhindisms.com,False,,,,
http://naturalorganisms.one,tranco,,822411,naturalorganisms.one,False,,,,
http://smseshop.gr,tranco,,822690,smseshop.gr,False,,,,
http://byebyesms.com,tranco,,824384,byebyesms.com,False,,,,
http://freebulksmsonline.com,tranco,,824500,freebulksmsonline.com,False,,,,
http://magnetismsolutions.com,tranco,,824768,magnetismsolutions.com,False,,,,
http://sms24x7.in,tranco,,826729,sms24x7.in,False,,,,
http://receivesms.cc,tranco,,827340,receivesms.cc,False,,,,
http://prisms.in,tranco,,827370,prisms.in,False,,,,
http://bulksmsdev.com,tranco,,828536,bulksmsdev.com,False,,,,
http://mrsmscabinet.org,tranco,,829347,mrsmscabinet.org,False,,,,
http://gsmshop.md,tranco,,830339,gsmshop.md,False,,,,
http://burstsms.com,tranco,,835815,burstsms.com,False,,,,
http://smsfassociation.com,tranco,,837248,smsfassociation.com,False,,,,
http://afrosms.ug,tranco,,837548,afrosms.ug,False,,,,
http://bulksms.co,tranco,,838132,bulksms.co,False,,,,
http://adnsms.com,tranco,,838605,adnsms.com,False,,,,
http://corasms.com,tranco,,841043,corasms.com,False,,,,
http://smsh.me,tranco,,841803,smsh.me,False,,,,
http://smsfadviser.com,tranco,,848185,smsfadviser.com,False,,,,
http://smho-smso.ca,tranco,,848437,smho-smso.ca,False,,,,
http://esmschools.org,tranco,,848471,esmschools.org,False,,,,
http://sendgroupsms.com,tranco,,860634,sendgroupsms.com,False,,,,
http://smstome.com,tranco,,864914,smstome.com,True,https://smstome.com/usa/phone/16053076088/sms/608,GenericAd,https://smstome.com/terms/,https://smstome.com/terms/
http://smspool.net,tranco,,869258,smspool.net,False,,,,
http://smsmuzic.ir,tranco,,873981,smsmuzic.ir,False,,,,
http://hspsms.com,tranco,,878504,hspsms.com,False,,,,
http://jamesmsama.com,tranco,,880638,jamesmsama.com,False,,,,
http://winetourismspain.com,tranco,,886731,winetourismspain.com,False,,,,
http://bulk24sms.com,tranco,,887115,bulk24sms.com,False,,,,
http://gwangju-rosesmsg.com,tranco,,888589,gwangju-rosesmsg.com,False,,,,
http://sms-translator.net,tranco,,891002,sms-translator.net,False,,,,
http://isms.org,tranco,,891384,isms.org,False,,,,
http://santinisms.it,tranco,,898748,santinisms.it,False,,,,
http://bsmsa.cat,tranco,,901446,bsmsa.cat,False,,,,
http://smsstockalert.com,tranco,,904298,smsstockalert.com,False,,,,
http://reallysms.com,tranco,,904783,reallysms.com,False,,,,
http://freshsmsmaza.com,tranco,,905295,freshsmsmaza.com,False,,,,
http://gsmshare.net,tranco,,906292,gsmshare.net,False,,,,
http://smsonline.cloud,tranco,,910094,smsonline.cloud,True,https://www.smsonline.cloud/free_sms_number/+6566913832/mjhqlcu2wpnb7ybzwc41,GenericAd,https://www.smsonline.cloud/terms/,https://www.smsonline.cloud/policy/
http://n1sms.ru,tranco,,911498,n1sms.ru,False,,,,
http://smssquad.com,tranco,,914224,smssquad.com,False,,,,
http://sms.com.eg,tranco,,915350,sms.com.eg,False,,,,
http://globalsms.cn,tranco,,915740,globalsms.cn,False,,,,
http://esms.com.my,tranco,,920455,esms.com.my,False,,,,
http://hisms.ws,tranco,,922178,hisms.ws,False,,,,
http://autismsociety.org,tranco,,926217,autismsociety.org,False,,,,
http://smsjob.tn,tranco,,926878,smsjob.tn,False,,,,
http://smsonaylat.com,tranco,,930529,smsonaylat.com,False,,,,
http://sms-adv-portal.com,tranco,,935874,sms-adv-portal.com,False,,,,
http://foxisms.com,tranco,,940911,foxisms.com,False,,,,
http://smser.net,tranco,,943229,smser.net,True,https://smser.net/inbox?number=9375989162,GenericAd,https://smser.net/inbox?number=9375989162,https://smser.net/privacy
http://smsedge.com,tranco,,946031,smsedge.com,False,,,,
http://vertexsms.com,tranco,,947378,vertexsms.com,False,,,,
http://0731sms.com,tranco,,948837,0731sms.com,False,,,,
http://jsmsales.com,tranco,,949862,jsmsales.com,False,,,,
http://free-sms-receive.com,tranco,,951569,free-sms-receive.com,True,https://www.free-sms-receive.com/message/17152606705.html,GenericAd,https://www.free-sms-receive.com/sites/policies.html,https://www.free-sms-receive.com/sites/policies.html
http://bulksmsteam.com,tranco,,955548,bulksmsteam.com,False,,,,
http://oursms.net,tranco,,957160,oursms.net,False,,,,
http://prpsms.co.in,tranco,,957400,prpsms.co.in,False,,,,
http://receivesmsfast.com,tranco,,957570,receivesmsfast.com,True,https://receivesmsfast.com/messages?n=447429471865,GenericAd,None,https://receivesmsfast.com/terms
http://server-bezsms.ru,tranco,,958800,server-bezsms.ru,False,,,,
http://yourbulksms.net,tranco,,959645,yourbulksms.net,False,,,,
http://tempsms.co,tranco,,962337,tempsms.co,False,,,,
http://sms2x2.ru,tranco,,963020,sms2x2.ru,False,,,,
http://transmitsms.com,tranco,,967639,transmitsms.com,False,,,,
http://csmsy.com,tranco,,968606,csmsy.com,False,,,,
http://viasms.pl,tranco,,969166,viasms.pl,False,,,,
http://hindimarathisms.com,tranco,,970611,hindimarathisms.com,False,,,,
http://smsmom.com,tranco,,970715,smsmom.com,False,,,,
http://jooksms.com,tranco,,971012,jooksms.com,False,,,,
http://superfastsms.com,tranco,,974162,superfastsms.com,False,,,,
http://smsworks360.com,tranco,,974891,smsworks360.com,False,,,,
http://hxsmsc.com,tranco,,975379,hxsmsc.com,False,,,,
http://sms2pro.com,tranco,,978174,sms2pro.com,False,,,,
http://mysmscuba.com,tranco,,978757,mysmscuba.com,False,,,,
http://smskhor.ir,tranco,,983381,smskhor.ir,False,,,,
http://bulksmsprovider.website,tranco,,983773,bulksmsprovider.website,False,,,,
http://wsmspx.com,tranco,,984373,wsmspx.com,False,,,,
http://5-sms.de,tranco,,984989,5-sms.de,False,,,,
http://freeinternationalsms.com,tranco,,985363,freeinternationalsms.com,False,,,,
http://punchsms.com,tranco,,986741,punchsms.com,False,,,,
http://bestreceivesms.com,tranco,,987309,bestreceivesms.com,True,https://bestreceivesms.com/receive-sms-from-uk/1458724764,GenericAd,None,https://bestreceivesms.com/privacy.html
http://asms-pro.com,tranco,,991463,asms-pro.com,False,,,,
http://smsbo.com,tranco,,991740,smsbo.com,True,https://www.smsbo.com/messages/620f198e749537f50c8f83e1,GenericAd,None,None
http://ismseat.com,tranco,,992957,ismseat.com,False,,,,
http://smsidea.co.in,tranco,,993979,smsidea.co.in,False,,,,
http://smsvalet.com,tranco,,998322,smsvalet.com,False,,,,
http://880sms.com,tranco,,999022,880sms.com,False,,,,
http://rpmsms.in,tranco,,999323,rpmsms.in,False,,,,
https://receive-smss.com/,google,receive sms,1,receive-smss.com,Duplicate,,,,
https://smsreceivefree.com/,google,receive sms,2,smsreceivefree.com,Duplicate,,,,
https://receive-sms-online.info/,google,receive sms,3,receive-sms-online.info,Duplicate,,,,
https://receive-sms.cc/,google,receive sms,4,receive-sms.cc,Duplicate,,,,
https://www.receivesms.co/,google,receive sms,5,receivesms.co,Duplicate,,,,
https://www.receivesms.org/,google,receive sms,6,receivesms.org,Duplicate,,,,
https://getfreesmsnumber.com/,google,receive sms,7,getfreesmsnumber.com,Duplicate,,,,
https://sms-online.co/,google,receive sms,8,sms-online.co,Duplicate,,,,
https://freephonenum.com/,google,receive sms,9,freephonenum.com,True,https://freephonenum.com/ca/receive-sms/8676751041,GenericAd,https://freephonenum.com/terms-of-use,https://freephonenum.com/privacy-policy
https://sms-man.com/,google,receive sms,10,sms-man.com,Duplicate,,,,
https://receivesms.cc/,google,receive sms,11,receivesms.cc,Duplicate,,,,
https://sms-receive.net/,google,receive sms,12,sms-receive.net,Duplicate,,,,
https://www.receivesmsonline.net/,google,receive sms,13,receivesmsonline.net,Duplicate,,,,
https://pingme.tel/receive-sms-online/,google,receive sms,14,pingme.tel,True,https://pingme.tel/receive-sms-online-usa-13213433154/,GenericAd TemporaryNumberAd,None,https://pingme.tel/privacypolicy/
https://receive-sms-free.cc/Free-USA-Phone-Number/13044044050/,google,receive sms,15,receive-sms-free.cc,Duplicate,,,,
https://www.raymond.cc/blog/top-10-sites-receive-sms-online-without-phone/,google,receive sms,16,raymond.cc,False,,,,
https://sonetel.com/en/help/help-topics/using-the-service/can-i-send-and-receive-sms/,google,receive sms,17,sonetel.com,False,,,,
https://smsreceive.site/en,google,receive sms,18,smsreceive.site,Duplicate,,,,
https://support.twilio.com/hc/en-us/articles/223133447-Not-Receiving-Incoming-SMS-and-MMS-Messages-on-Twilio-Phone-Number,google,receive sms,19,support.twilio.com,False,,,,
https://support.google.com/fi/answer/6205096?hl=en&co=GENIE.Platform%3DAndroid,google,receive sms,20,support.google.com,False,,,,
https://sms24.me/en/,google,receive sms,21,sms24.me,Duplicate,,,,
https://play.google.com/store/apps/details?id=com.smsreceive&hl=en_US&gl=US,google,receive sms,22,play.google.com,False,,,,
https://www.developershome.com/sms/howToReceiveSMSUsingPC.asp,google,receive sms,23,developershome.com,False,,,,
https://support.telnyx.com/en/articles/4348981-receiving-sms-on-your-telnyx-number,google,receive sms,24,support.telnyx.com,False,,,,
https://docs.aws.amazon.com/mobile/sdkforxamarin/developerguide/sns-send-sms.html,google,receive sms,25,docs.aws.amazon.com,False,,,,
https://receiveasms.com/,google,receive sms,26,receiveasms.com,Duplicate,,,,
https://www.proovl.com/numbers,google,receive sms,27,proovl.com,False,,,,
https://temporary-phone-number.com/US-Phone-Number/,google,receive sms,28,temporary-phone-number.com,True,https://temporary-phone-number.com/US-Phone-Number/15597124958,GenericAd,https://temporary-phone-number.com/privacy-terms/,https://temporary-phone-number.com/privacy-terms/
https://www.youtube.com/watch?v=_C3x-UvS3Po,google,receive sms,29,youtube.com,False,,,,
https://support.microsoft.com/en-us/office/learn-more-about-chatting-via-sms-812d9e88-4891-4fd2-aee1-1ad3f4e23cff,google,receive sms,30,support.microsoft.com,False,,,,
https://support.textmagic.com/faq/can-i-receive-sms-from-my-clients/,google,receive sms,31,support.textmagic.com,False,,,,
https://www.geekdashboard.com/top-sites-to-receive-sms-online-without-a-phone/,google,receive sms,32,geekdashboard.com,False,,,,
https://support.zoom.us/hc/en-us/articles/360054155112-Using-SMS,google,receive sms,33,support.zoom.us,False,,,,
https://zadarma.com/en/services/sms/,google,receive sms,34,zadarma.com,False,,,,
https://support.skype.com/en/faq/FA34884/how-do-i-receive-sms-text-messages-in-skype,google,receive sms,35,support.skype.com,False,,,,
https://support.hushed.com/hc/en-us/articles/360044682411-Texting-Why-can-t-I-receive-SMS-messages-,google,receive sms,36,support.hushed.com,False,,,,
https://support.apple.com/guide/messages/get-sms-texts-from-iphone-on-your-mac-icht8a28bb9a/mac,google,receive sms,37,support.apple.com,False,,,,
https://docs.smrtphone.io/en/articles/5151351-setting-up-your-phone-numbers-to-receive-sms-mms,google,receive sms,38,docs.smrtphone.io,False,,,,
https://support.messagebird.com/hc/en-us/articles/360000677629-Setting-your-account-up-to-receive-inbound-SMS,google,receive sms,39,support.messagebird.com,False,,,,
https://sakari.io/features/sms-online/,google,receive sms,40,sakari.io,False,,,,
https://support.plivo.com/hc/en-us/articles/360041317012-How-can-I-receive-SMS-messages-on-my-Plivo-numbers-,google,receive sms,41,support.plivo.com,False,,,,
https://textrapp.com/receive-sms-online-usa-12252542523/,google,receive sms,42,textrapp.com,True,https://textrapp.com/receive-sms-online-usa-12252542523/,PremiumService,None,None
https://smallbusiness.chron.com/receive-sms-messages-ipad-62485.html,google,receive sms,43,smallbusiness.chron.com,False,,,,
https://us-phone-number.com/,google,receive sms,44,us-phone-number.com,True,https://us-phone-number.com/sms/17402000823,GenericAd,https://us-phone-number.com/Privacy.html,https://us-phone-number.com/Privacy.html
https://help.clicksend.com/article/5kown6ixl2-how-to-receive-sms-on-email,google,receive sms,45,help.clicksend.com,False,,,,
https://temp-number.org/,google,receive sms,46,temp-number.org,False,,,,
https://mobilesms.io/,google,receive sms,47,mobilesms.io,Duplicate,,,,
https://simpletexting.com/virtual-phone-numbers/,google,receive sms,48,simpletexting.com,False,,,,
https://smsreceivefree.com/,google,receive sms free,1,smsreceivefree.com,Duplicate,,,,
https://receive-smss.com/,google,receive sms free,2,receive-smss.com,Duplicate,,,,
https://receive-sms.cc/,google,receive sms free,3,receive-sms.cc,Duplicate,,,,
https://receive-sms-online.info/,google,receive sms free,4,receive-sms-online.info,Duplicate,,,,
https://getfreesmsnumber.com/,google,receive sms free,5,getfreesmsnumber.com,Duplicate,,,,
https://www.receivesms.org/,google,receive sms free,6,receivesms.org,Duplicate,,,,
https://www.receivesms.co/,google,receive sms free,7,receivesms.co,Duplicate,,,,
https://freephonenum.com/,google,receive sms free,8,freephonenum.com,True,https://freephonenum.com/us/receive-sms/5417083275,GenericAd,https://freephonenum.com/terms-of-use,https://freephonenum.com/privacy-policy
https://receive-sms-free.cc/Free-USA-Phone-Number/,google,receive sms free,9,receive-sms-free.cc,Duplicate,,,,
https://sms-online.co/,google,receive sms free,10,sms-online.co,Duplicate,,,,
https://sms24.me/en/,google,receive sms free,11,sms24.me,Duplicate,,,,
https://pingme.tel/receive-sms-online/,google,receive sms free,12,pingme.tel,Duplicate,,,,
https://temporary-phone-number.com/US-Phone-Number/,google,receive sms free,13,temporary-phone-number.com,Duplicate,,,,
https://7sim.net/,google,receive sms free,14,7sim.net,True,https://7sim.net/free-phone-number-B6vnv5pN,GenericAd TemporaryNumberAd,https://7sim.net/,None
https://quackr.io/,google,receive sms free,15,quackr.io,True,https://quackr.io/temporary-numbers/united-states/12013618497,GenericAd TemporaryNumberAd,https://quackr.io/terms,https://quackr.io/privacy-policy
https://drfone.wondershare.com/message/receive-message-online.html,google,receive sms free,16,drfone.wondershare.com,False,,,,
https://receivesms.cc/,google,receive sms free,17,receivesms.cc,Duplicate,,,,
https://sms-receive.net/,google,receive sms free,18,sms-receive.net,Duplicate,,,,
https://play.google.com/store/apps/details?id=com.smsreceive&hl=en_US&gl=US,google,receive sms free,19,play.google.com,Duplicate,,,,
https://smsreceive.site/en,google,receive sms free,20,smsreceive.site,Duplicate,,,,
https://www.virtnumber.com/freesmsreceive.php,google,receive sms free,21,virtnumber.com,False,,,,
https://www.geckoandfly.com/4124/send-and-receive-mms-and-sms-text-messages-to-mobile-phone-online-for-free/,google,receive sms free,22,geckoandfly.com,False,,,,
http://receivefreesms.com/,google,receive sms free,23,receivefreesms.com,Duplicate,,,,
https://textrapp.com/receive-sms-online-australia-61480089451/,google,receive sms free,24,textrapp.com,Duplicate,,,,
https://www.raymond.cc/blog/top-10-sites-receive-sms-online-without-phone/,google,receive sms free,25,raymond.cc,Duplicate,,,,
https://simpletexting.com/virtual-phone-numbers/,google,receive sms free,26,simpletexting.com,Duplicate,,,,
https://www.freereceivesms.com/en/mx/,google,receive sms free,27,freereceivesms.com,Duplicate,,,,
https://onlinesim.ru/en/,google,receive sms free,28,onlinesim.ru,True,https://onlinesim.ru/en/,TemporaryNumberAd,https://onlinesim.ru/en/documentation/offer/,None
https://www.tesms.net/,google,receive sms free,29,tesms.net,True,https://www.tesms.net/messages?n=16512941375,GenericAd TemporaryNumberAd,https://www.tesms.net/terms,None
https://www.youtube.com/watch?v=_C3x-UvS3Po,google,receive sms free,30,youtube.com,Duplicate,,,,
https://oksms.org/,google,receive sms free,31,oksms.org,Duplicate,,,,
https://us-phone-number.com/,google,receive sms free,32,us-phone-number.com,Duplicate,,,,
https://www.receivesmsonline.net/,google,receive sms free,33,receivesmsonline.net,Duplicate,,,,
https://onlinesim.io/en/,google,receive sms free,34,onlinesim.io,True,https://onlinesim.io/,TemporaryNumberAd,https://onlinesim.io/documentation/offer/,https://onlinesim.io/documentation/privacy/
https://www.keyanalyzer.com/sites-to-receive-sms-online-for-verification/,google,receive sms free,35,keyanalyzer.com,False,,,,
https://mytempsms.com/receive-sms-online/usa-phone-number.html,google,receive sms free,36,mytempsms.com,Duplicate,,,,
https://receive-sms-online.cc/US-Phone-Number/,google,receive sms free,37,receive-sms-online.cc,Duplicate,,,,
http://www.bfkdim.com/?lang=en,google,receive sms free,38,bfkdim.com,True,http://www.bfkdim.com/messages?phone=1161451228,GenericAd,http://www.bfkdim.com/policies/service,http://www.bfkdim.com/policies/private
https://mobilesms.io/free-sms-verification/,google,receive sms free,39,mobilesms.io,Duplicate,,,,
https://freesmscenter.com/,google,receive sms free,40,freesmscenter.com,Duplicate,,,,
https://www.textmagic.com/virtual-mobile-number/,google,receive sms free,41,textmagic.com,False,,,,
https://sms.sellaite.com/,google,receive sms free,42,sms.sellaite.com,True,https://sms.sellaite.com/index.php?phone=0037258110102,GenericAd,None,https://sellaite.com/index.php?cmd=privacypolicy
https://www.geekdashboard.com/top-sites-to-receive-sms-online-without-a-phone/,google,receive sms free,43,geekdashboard.com,Duplicate,,,,
https://www.proovl.com/numbers,google,receive sms free,44,proovl.com,Duplicate,,,,
https://hs3x.com/,google,receive sms free,45,hs3x.com,False,,,,
https://www.microsoft.com/en-np/p/free-receive-sms/9pgr9j8gkmxb?cid=msft_web_chart,google,receive sms free,46,microsoft.com,False,,,,
https://spytm.com/sms-receive-online-free/,google,receive sms free,47,spytm.com,True,https://spytm.com/sms-receive-free-online-usa-phone-number/3152386500-united-states/,GenericAd,https://spytm.com/terms/,https://spytm.com/privacy-policy/
https://receive-sms-online.com/,google,receive sms free,48,receive-sms-online.com,Duplicate,,,,
https://www.gihosoft.com/android-tips/receive-sms-online-temporary-phone-number.html,google,receive sms free,49,gihosoft.com,False,,,,
https://chrome.google.com/webstore/detail/sms-receive-temporary-fak/cnpeeegnainlbbofepdjnppcngnemmml,google,receive sms free,50,chrome.google.com,False,,,,
https://receive-smss.com/,google,receive sms online,1,receive-smss.com,Duplicate,,,,
https://receive-sms-online.info/,google,receive sms online,2,receive-sms-online.info,Duplicate,,,,
https://smsreceivefree.com/,google,receive sms online,3,smsreceivefree.com,Duplicate,,,,
https://receive-sms.cc/,google,receive sms online,4,receive-sms.cc,Duplicate,,,,
https://www.receivesms.co/,google,receive sms online,5,receivesms.co,Duplicate,,,,
https://sms-online.co/,google,receive sms online,6,sms-online.co,Duplicate,,,,
https://www.receivesms.org/,google,receive sms online,7,receivesms.org,Duplicate,,,,
https://getfreesmsnumber.com/,google,receive sms online,8,getfreesmsnumber.com,Duplicate,,,,
https://sms24.me/en/,google,receive sms online,9,sms24.me,Duplicate,,,,
https://www.smsbo.com/,google,receive sms online,10,smsbo.com,Duplicate,,,,
https://receive-sms-online.com/,google,receive sms online,11,receive-sms-online.com,Duplicate,,,,
https://sms-man.com/,google,receive sms online,12,sms-man.com,Duplicate,,,,
https://oksms.org/,google,receive sms online,13,oksms.org,Duplicate,,,,
https://www.receivesmsonline.net/,google,receive sms online,14,receivesmsonline.net,Duplicate,,,,
https://www.freereceivesms.com/en/id/,google,receive sms online,15,freereceivesms.com,Duplicate,,,,
https://mytempsms.com/,google,receive sms online,16,mytempsms.com,Duplicate,,,,
https://pingme.tel/receive-sms-online/,google,receive sms online,17,pingme.tel,Duplicate,,,,
https://receivesms.cc/,google,receive sms online,18,receivesms.cc,Duplicate,,,,
https://www.data.ai/en/apps/google-play/app/us.receive.sms.online.verification/,google,receive sms online,19,data.ai,False,,,,
https://freephonenum.com/,google,receive sms online,20,freephonenum.com,Duplicate,,,,
https://receive-sms-free.cc/Free-Indonesia-Phone-Number/6283865326472/,google,receive sms online,21,receive-sms-free.cc,Duplicate,,,,
https://7sim.net/,google,receive sms online,22,7sim.net,Duplicate,,,,
https://temporary-phone-number.com/Indonesia-Phone-Number/,google,receive sms online,23,temporary-phone-number.com,Duplicate,,,,
http://receivefreesms.com/,google,receive sms online,24,receivefreesms.com,Duplicate,,,,
https://5sim.net/,google,receive sms online,25,5sim.net,False,,,,
https://sms-receive.net/,google,receive sms online,26,sms-receive.net,Duplicate,,,,
http://www.bfkdim.com/messages?phone=83800134859&page=3&lang=en,google,receive sms online,27,bfkdim.com,Duplicate,,,,
https://quackr.io/,google,receive sms online,28,quackr.io,Duplicate,,,,
https://apps.apple.com/us/app/sms-box-receive-sms-online/id1518078364,google,receive sms online,29,apps.apple.com,False,,,,
https://online-sms.org/free-phone-number-6285574670577,google,receive sms online,30,online-sms.org,Duplicate,,,,
https://temp-number.org/,google,receive sms online,31,temp-number.org,Duplicate,,,,
https://www.youtube.com/watch?v=_C3x-UvS3Po,google,receive sms online,32,youtube.com,Duplicate,,,,
https://apkpure.com/id/receive-sms-online/com.cicklow.receivesmsonline,google,receive sms online,33,apkpure.com,False,,,,
https://play.google.com/store/apps/details?id=com.jb.receivesms&hl=ar&gl=US,google,receive sms online,34,play.google.com,Duplicate,,,,
https://www.raymond.cc/blog/top-10-sites-receive-sms-online-without-phone/,google,receive sms online,35,raymond.cc,Duplicate,,,,
https://ecall-messaging.com/en/communication-channels/sms-online/,google,receive sms online,36,ecall-messaging.com,False,,,,
https://sms.sellaite.com/,google,receive sms online,37,sms.sellaite.com,Duplicate,,,,
https://receive-sms-online.cc/Countries/,google,receive sms online,38,receive-sms-online.cc,Duplicate,,,,
https://www.freeonlinephone.org/,google,receive sms online,39,freeonlinephone.org,True,https://www.freeonlinephone.org/receive-sms-online-19022008661.html,GenericAd,None,None
https://www.virtnumber.com/freesmsreceive.php,google,receive sms online,40,virtnumber.com,Duplicate,,,,
https://www.tesms.net/,google,receive sms online,41,tesms.net,Duplicate,,,,
https://freesmscenter.com/,google,receive sms online,42,freesmscenter.com,Duplicate,,,,
https://textrapp.com/receive-sms-online-usa-12252542523/,google,receive sms online,43,textrapp.com,Duplicate,,,,
https://sakari.io/features/sms-online/,google,receive sms online,44,sakari.io,Duplicate,,,,
https://freeje.com/services/sms-number,google,receive sms online,45,freeje.com,False,,,,
https://www.textmagic.com/receive-sms-online/,google,receive sms online,46,textmagic.com,Duplicate,,,,
https://shopee.co.id/search?keyword=Receive%20Sms%20Online%20Indonesia%202020&utm_source=an_11368960033&utm_medium=affiliates&utm_campaign=-&utm_content=mywebsite1-sk-kid95221--&af_siteid=an_11368960033&pid=affiliates&af_click_lookback=7d&af_viewthrough_lookback=1d&is_retargeting=true&af_reengagement_window=7d&af_sub_siteid=mywebsite1-sk-kid95221--&c=-,google,receive sms online,47,shopee.co.id,False,,,,
https://turtle-sms.xyz/,google,receive sms online,48,turtle-sms.xyz,False,,,,
https://smstools.online/receive-free-sms/,google,receive sms online,49,smstools.online,Duplicate,,,,
https://smsreceivefree.com/,google,temporary sms,1,smsreceivefree.com,Duplicate,,,,
https://freephonenum.com/,google,temporary sms,2,freephonenum.com,Duplicate,,,,
https://receive-smss.com/,google,temporary sms,3,receive-smss.com,Duplicate,,,,
https://quackr.io/,google,temporary sms,4,quackr.io,Duplicate,,,,
https://smstome.com/,google,temporary sms,5,smstome.com,Duplicate,,,,
https://www.receivesms.org/,google,temporary sms,6,receivesms.org,Duplicate,,,,
https://temporary-phone-number.com/,google,temporary sms,7,temporary-phone-number.com,Duplicate,,,,
https://sms24.me/en/,google,temporary sms,8,sms24.me,Duplicate,,,,
https://temp-number.com/,google,temporary sms,9,temp-number.com,True,https://temp-number.com/inbox.php?country=United%20Kingdom&no=447360268841&in=Uk,GenericAd,None,None
https://mytempsms.com/,google,temporary sms,10,mytempsms.com,Duplicate,,,,
https://www.tesms.net/,google,temporary sms,11,tesms.net,Duplicate,,,,
https://oksms.org/us-phone-numbers,google,temporary sms,12,oksms.org,Duplicate,,,,
https://temp-sms.org/,google,temporary sms,13,temp-sms.org,Duplicate,,,,
https://sms-man.com/,google,temporary sms,14,sms-man.com,Duplicate,,,,
https://receivesms.cc/,google,temporary sms,15,receivesms.cc,Duplicate,,,,
https://receive-sms-free.cc/Free-USA-Phone-Number/,google,temporary sms,16,receive-sms-free.cc,Duplicate,,,,
https://www.data.ai/en/apps/google-play/app/com.baboon.sms.receiver.online/,google,temporary sms,17,data.ai,Duplicate,,,,
https://www.receivesms.co/us-phone-numbers/us/,google,temporary sms,18,receivesms.co,Duplicate,,,,
https://play.google.com/store/apps/details?id=com.tempsms&hl=en_US&gl=US,google,temporary sms,19,play.google.com,Duplicate,,,,
https://freesmscenter.com/,google,temporary sms,20,freesmscenter.com,Duplicate,,,,
https://github.com/jzarca01/temp-sms-watcher,google,temporary sms,21,github.com,False,,,,
https://www.ibm.com/docs/SSLTBW_2.2.0/com.ibm.zos.v2r2.idai600/chap5.htm,google,temporary sms,22,ibm.com,False,,,,
https://support.hpe.com/hpesc/public/docDisplay?docId=ns100.0.5253394.2676330en_us&docLocale=en_US,google,temporary sms,23,support.hpe.com,False,,,,
https://hushed.com/,google,temporary sms,24,hushed.com,False,,,,
https://www.gov.uk/government/collections/sponsorship-information-for-employers-and-educators,google,temporary sms,25,gov.uk,False,,,,
https://chrome.google.com/webstore/detail/sms-receive-temporary-fak/cnpeeegnainlbbofepdjnppcngnemmml?hl=pt-PT,google,temporary sms,26,chrome.google.com,Duplicate,,,,
https://temp99.com/,google,temporary sms,27,temp99.com,True,https://temp99.com/inboxuk.php?id=447782503259,None,None,None
https://getfreesmsnumber.com/,google,temporary sms,28,getfreesmsnumber.com,Duplicate,,,,
https://tsms.servicesforfree.com/,google,temporary sms,29,tsms.servicesforfree.com,False,,,,
https://www.quora.com/What-is-information-about-the-temporary-phone-number-to-receive-the-SMS,google,temporary sms,30,quora.com,False,,,,
https://support.8x8.com/cloud-phone-service/voice/admin-console/phone-system-settings/extension-numbers/sms-feature-unavailable-in-admin-console-for-a-temporary-phone-number,google,temporary sms,31,support.8x8.com,False,,,,
https://m.apkpure.com/temp-sms-temporary-numbers/com.tempsms,google,temporary sms,32,m.apkpure.com,False,,,,
https://mobilesms.io/,google,temporary sms,33,mobilesms.io,Duplicate,,,,
https://onlinesim.io/en/,google,temporary sms,34,onlinesim.io,Duplicate,,,,
https://www.textverified.com/,google,temporary sms,35,textverified.com,False,,,,
https://www.number4sms.com/,google,temporary sms,36,number4sms.com,True,https://www.number4sms.com/number.php?nid=48&number=757132143,GatewayService,None,None
https://temp-number.org/,google,temporary sms,37,temp-number.org,Duplicate,,,,
https://telnum.net/services/disposable-number/,google,temporary sms,38,telnum.net,False,,,,
https://online-sms.org/,google,temporary sms,39,online-sms.org,Duplicate,,,,
https://receive-sms-online.cc/US-Phone-Number/,google,temporary sms,40,receive-sms-online.cc,Duplicate,,,,
https://onlinesim.ru/en/,google,temporary sms,41,onlinesim.ru,Duplicate,,,,
https://www.virtnumber.com/freesmsreceive.php,google,temporary sms,42,virtnumber.com,Duplicate,,,,
https://5sim.net/,google,temporary sms,43,5sim.net,Duplicate,,,,
https://sms-service-online.com/en/,google,temporary sms,44,sms-service-online.com,Duplicate,,,,
https://docs.aws.amazon.com/cognito-user-identity-pools/latest/APIReference/API_AdminCreateUser.html,google,temporary sms,45,docs.aws.amazon.com,Duplicate,,,,
https://textport.com/temporary-numbers,google,temporary sms,46,textport.com,False,,,,
https://hottelecom.biz/disposable-sms-number-of-usa.html,google,temporary sms,47,hottelecom.biz,False,,,,
https://www.wikihow.com/Get-a-Temporary-Cell-Phone-Number,google,temporary sms,48,wikihow.com,False,,,,
https://www.nerdynaut.com/should-you-rely-on-a-temporary-phone-number-for-verification,google,temporary sms,49,nerdynaut.com,False,,,,
https://smsreceivefree.com/,google,temporary sms free,1,smsreceivefree.com,Duplicate,,,,
https://freephonenum.com/,google,temporary sms free,2,freephonenum.com,Duplicate,,,,
https://receive-smss.com/,google,temporary sms free,3,receive-smss.com,Duplicate,,,,
https://smstome.com/,google,temporary sms free,4,smstome.com,Duplicate,,,,
https://sms24.me/en/,google,temporary sms free,5,sms24.me,Duplicate,,,,
https://temporary-phone-number.com/,google,temporary sms free,6,temporary-phone-number.com,Duplicate,,,,
https://quackr.io/,google,temporary sms free,7,quackr.io,Duplicate,,,,
https://www.receivesms.org/,google,temporary sms free,8,receivesms.org,Duplicate,,,,
https://temp-number.com/,google,temporary sms free,9,temp-number.com,Duplicate,,,,
https://mytempsms.com/,google,temporary sms free,10,mytempsms.com,Duplicate,,,,
https://www.tesms.net/,google,temporary sms free,11,tesms.net,Duplicate,,,,
https://receive-sms-free.cc/Free-USA-Phone-Number/,google,temporary sms free,12,receive-sms-free.cc,Duplicate,,,,
https://receivesms.cc/,google,temporary sms free,13,receivesms.cc,Duplicate,,,,
https://getfreesmsnumber.com/,google,temporary sms free,14,getfreesmsnumber.com,Duplicate,,,,
https://oksms.org/,google,temporary sms free,15,oksms.org,Duplicate,,,,
https://temp-sms.org/,google,temporary sms free,16,temp-sms.org,Duplicate,,,,
https://freesmscenter.com/,google,temporary sms free,17,freesmscenter.com,Duplicate,,,,
https://www.data.ai/en/apps/google-play/app/com.baboon.sms.receiver.online/,google,temporary sms free,18,data.ai,Duplicate,,,,
https://temp99.com/,google,temporary sms free,19,temp99.com,Duplicate,,,,
https://onlinesim.io/en/,google,temporary sms free,20,onlinesim.io,Duplicate,,,,
https://www.receivesms.co/us-phone-numbers/us/,google,temporary sms free,21,receivesms.co,Duplicate,,,,
https://www.keyanalyzer.com/sites-to-receive-sms-online-for-verification/,google,temporary sms free,22,keyanalyzer.com,Duplicate,,,,
https://chrome.google.com/webstore/detail/sms-receive-temporary-fak/cnpeeegnainlbbofepdjnppcngnemmml?hl=pt-PT,google,temporary sms free,23,chrome.google.com,Duplicate,,,,
https://hushed.com/,google,temporary sms free,24,hushed.com,Duplicate,,,,
https://receive-sms-online.cc/US-Phone-Number/,google,temporary sms free,25,receive-sms-online.cc,Duplicate,,,,
https://www.gihosoft.com/android-tips/receive-sms-online-temporary-phone-number.html,google,temporary sms free,26,gihosoft.com,Duplicate,,,,
https://www.quora.com/How-can-I-get-a-free-temporary-mobile-phone-number-for-SMS,google,temporary sms free,27,quora.com,Duplicate,,,,
https://www.reddit.com/r/IllegalLifeProTips/comments/iv3st6/ilpt_list_of_many_free_temporary_number_sites/,google,temporary sms free,28,reddit.com,False,,,,
https://www.wikihow.com/Get-a-Temporary-Cell-Phone-Number,google,temporary sms free,29,wikihow.com,Duplicate,,,,
https://donotpay.com/learn/temporary-phone-number/,google,temporary sms free,30,donotpay.com,False,,,,
https://www.makeuseof.com/tag/5-apps-getting-temporary-burner-phone-number/,google,temporary sms free,31,makeuseof.com,False,,,,
https://www.number4sms.com/,google,temporary sms free,32,number4sms.com,Duplicate,,,,
https://www.pinterest.com/pin/768989705110284401/,google,temporary sms free,33,pinterest.com,False,,,,
https://www.virtnumber.com/freesmsreceive.php,google,temporary sms free,34,virtnumber.com,Duplicate,,,,
https://www.burnerapp.com/,google,temporary sms free,35,burnerapp.com,False,,,,
https://sms-online.co/,google,temporary sms free,36,sms-online.co,Duplicate,,,,
https://www.youtube.com/watch?v=_C3x-UvS3Po,google,temporary sms free,37,youtube.com,Duplicate,,,,
https://sms-man.com/,google,temporary sms free,38,sms-man.com,Duplicate,,,,
https://www.freereceivesms.com/en/mx/,google,temporary sms free,39,freereceivesms.com,Duplicate,,,,
https://play.google.com/store/apps/details?id=com.tempnumber.Temp_Number.Temp_Number&hl=en_US&gl=US,google,temporary sms free,40,play.google.com,Duplicate,,,,
https://us-phone-number.com/,google,temporary sms free,41,us-phone-number.com,Duplicate,,,,
https://www.geekdashboard.com/top-sites-to-receive-sms-online-without-a-phone/,google,temporary sms free,42,geekdashboard.com,Duplicate,,,,
https://smspool.net/free-sms-verification,google,temporary sms free,43,smspool.net,Duplicate,,,,
https://www.alphr.com/temporary-phone-number/,google,temporary sms free,44,alphr.com,False,,,,
https://www.geckoandfly.com/4124/send-and-receive-mms-and-sms-text-messages-to-mobile-phone-online-for-free/,google,temporary sms free,45,geckoandfly.com,Duplicate,,,,
https://onlinesim.ru/en/,google,temporary sms free,46,onlinesim.ru,Duplicate,,,,
https://imapack.com/jwn/temporary-us-phone-number.htm,google,temporary sms free,47,imapack.com,False,,,,
https://www.textverified.com/,google,temporary sms free,48,textverified.com,Duplicate,,,,
https://www.karteplus.com/,google,temporary sms free,49,karteplus.com,True,https://www.karteplus.com/FeifeiAppServer/d/4422341869,GenericAd,None,https://www.karteplus.com/FeifeiAppServer/privacy
https://www.receivesms.co/,google,public sms inbox,1,receivesms.co,Duplicate,,,,
https://receive-sms-online.info/,google,public sms inbox,2,receive-sms-online.info,Duplicate,,,,
https://sms-online.co/,google,public sms inbox,3,sms-online.co,Duplicate,,,,
https://www.raymond.cc/blog/top-10-sites-receive-sms-online-without-phone/,google,public sms inbox,4,raymond.cc,Duplicate,,,,
https://sms-receive.net/,google,public sms inbox,5,sms-receive.net,Duplicate,,,,
https://www.textlocal.com/support/knowledge-base/viewing-inbox-messages/,google,public sms inbox,6,textlocal.com,False,,,,
https://receivesms.cc/,google,public sms inbox,7,receivesms.cc,Duplicate,,,,
https://sms24.me/en/countries/id/,google,public sms inbox,8,sms24.me,Duplicate,,,,
https://www.reddit.com/r/onions/comments/8bpalr/receive_anonymous_sms_on_public_phone_numbers/,google,public sms inbox,9,reddit.com,Duplicate,,,,
https://www.proovl.com/test,google,public sms inbox,10,proovl.com,Duplicate,,,,
https://drfone.wondershare.com/message/receive-message-online.html,google,public sms inbox,11,drfone.wondershare.com,Duplicate,,,,
https://www.geekdashboard.com/top-sites-to-receive-sms-online-without-a-phone/,google,public sms inbox,12,geekdashboard.com,Duplicate,,,,
https://getfreesmsnumber.com/,google,public sms inbox,13,getfreesmsnumber.com,Duplicate,,,,
https://quackr.io/temporary-numbers/indonesia,google,public sms inbox,14,quackr.io,Duplicate,,,,
https://simpletexting.com/virtual-phone-numbers/,google,public sms inbox,15,simpletexting.com,Duplicate,,,,
https://receive-sms-free.cc/Free-Russia-Phone-Number/,google,public sms inbox,16,receive-sms-free.cc,Duplicate,,,,
https://www.mailinator.com/site/sms/,google,public sms inbox,17,mailinator.com,False,,,,
https://freephonenum.com/,google,public sms inbox,18,freephonenum.com,Duplicate,,,,
https://helpwise.io/shared-sms-inbox,google,public sms inbox,19,helpwise.io,False,,,,
https://www.tm4b.com/,google,public sms inbox,20,tm4b.com,False,,,,
https://stackoverflow.com/questions/13108337/how-to-receive-sms-only-from-one-specific-number-other-smss-go-to-phones-inbox,google,public sms inbox,21,stackoverflow.com,False,,,,
https://en.wikipedia.org/wiki/SMS,google,public sms inbox,22,en.wikipedia.org,False,,,,
https://support.clerk.chat/slack/inbox,google,public sms inbox,23,support.clerk.chat,False,,,,
https://static.account.xiaomi.com/html/faq/en_US/faqSMSerror.html,google,public sms inbox,24,static.account.xiaomi.com,False,,,,
https://docs.microsoft.com/en-us/dotnet/api/android.provider.telephony.sms.inbox,google,public sms inbox,25,docs.microsoft.com,False,,,,
https://5sim.net/free,google,public sms inbox,26,5sim.net,Duplicate,,,,
https://receiveasms.com/,google,public sms inbox,27,receiveasms.com,Duplicate,,,,
https://developer.android.com/reference/android/provider/Telephony.Sms.Inbox,google,public sms inbox,28,developer.android.com,False,,,,
https://www.freereceivesms.com/en/id/,google,public sms inbox,29,freereceivesms.com,Duplicate,,,,
https://apps.apple.com/us/app/sms-box-receive-sms-online/id1518078364,google,public sms inbox,30,apps.apple.com,Duplicate,,,,
https://www.npmjs.com/package/@edusperoni/nativescript-sms-inbox,google,public sms inbox,31,npmjs.com,False,,,,
https://devci.gabbyville.com/public/ivr_plugins/sms/applets/sms-inbox/,google,public sms inbox,32,devci.gabbyville.com,False,,,,
https://www.messagebird.com/en/solutions/inbox-for-good/,google,public sms inbox,33,messagebird.com,False,,,,
https://www.skycore.com/help/sms-inbox-mms-inbox/,google,public sms inbox,34,skycore.com,False,,,,
https://play.google.com/store/apps/details?id=com.google.android.apps.messaging&hl=en&gl=US,google,public sms inbox,35,play.google.com,Duplicate,,,,
https://www.vonage.com/communications-apis/phone-numbers/,google,public sms inbox,36,vonage.com,False,,,,
https://onlinesim.io/en/,google,public sms inbox,37,onlinesim.io,Duplicate,,,,
https://www.temp-mails.com/,google,public sms inbox,38,temp-mails.com,True,https://www.temp-mails.com/number,GenericAd,None,https://www.temp-mails.com/number
https://www.braze.com/docs/user_guide/message_building_by_channel/sms/phone_numbers/user_phone_numbers/,google,public sms inbox,39,braze.com,False,,,,
https://www.osbplf.org/inpractice/send-text-messages-to-your-clients-without-using-your-cell-phone/,google,public sms inbox,40,osbplf.org,False,,,,
https://www.cise.ufl.edu/~traynor/papers/reaves-sp16.pdf,google,public sms inbox,41,cise.ufl.edu,False,,,,
https://help.twitter.com/en/using-twitter/direct-messages,google,public sms inbox,42,help.twitter.com,False,,,,
https://receive-sms.cc/India-Phone-Number/,google,public sms inbox,43,receive-sms.cc,Duplicate,,,,
https://www.twilio.com/docs/sms/api,google,public sms inbox,44,twilio.com,False,,,,
https://zapier.com/apps/burst-sms/integrations/slack/9850/forward-messsages-received-by-your-burst-sms-inbox-to-a-slack-channel,google,public sms inbox,45,zapier.com,False,,,,
https://temporary-phone-number.com/Philippines-Phone-Number/,google,public sms inbox,46,temporary-phone-number.com,Duplicate,,,,
https://github.com/banatta/sms-inbox,google,public sms inbox,47,github.com,Duplicate,,,,
https://smpp.org/,google,public sms inbox,48,smpp.org,False,,,,
https://www.quora.com/How-can-I-receive-SMS-without-access-to-my-phone-sim,google,public sms inbox,49,quora.com,Duplicate,,,,
https://www.campaignmonitor.com/blog/email-marketing/sms-marketing-vs-email-marketing/,google,public sms inbox,50,campaignmonitor.com,False,,,,
https://receive-smss.com/,bing,receive sms,1,receive-smss.com,Duplicate,,,,
https://receivesms.cc/,bing,receive sms,2,receivesms.cc,Duplicate,,,,
https://www.receivesms.org/,bing,receive sms,3,receivesms.org,Duplicate,,,,
https://receivesms.info/,bing,receive sms,4,receivesms.info,True,https://receivesms.info/united-states/phone-16465106465,GenericAd,https://receivesms.info/terms-and-conditions,https://receivesms.info/privacy-policy
https://receivesms.live/,bing,receive sms,5,receivesms.live,Duplicate,,,,
https://textrapp.com/free-receive-sms-online-tool/,bing,receive sms,6,textrapp.com,Duplicate,,,,
https://mytempsms.com/,bing,receive sms,7,mytempsms.com,Duplicate,,,,
https://www.free-sms-receive.com/,bing,receive sms,8,free-sms-receive.com,Duplicate,,,,
https://smstome.com/,bing,receive sms,9,smstome.com,Duplicate,,,,
https://smsreceivefree.net/,bing,receive sms,10,smsreceivefree.net,True,https://smsreceivefree.net/number/4915207930698,GenericAd,None,https://smsreceivefree.net/privacy
https://receivesms.info/united-states,bing,receive sms,11,receivesms.info,Duplicate,,,,
https://receivesmss.net/,bing,receive sms,12,receivesmss.net,False,,,,
https://www.number4sms.com/,bing,receive sms,13,number4sms.com,Duplicate,,,,
https://receive-sms.com/,bing,receive sms,14,receive-sms.com,Duplicate,,,,
https://receive-sms-free.cc/,bing,receive sms,15,receive-sms-free.cc,Duplicate,,,,
https://sms-receive.net/,bing,receive sms,16,sms-receive.net,Duplicate,,,,
https://cloakmobile.com/,bing,receive sms,17,cloakmobile.com,True,https://cloakmobile.com/sms/?phone=46,GenericAd,None,None
https://www.receivesms.org/receive-sms-online-from-carepathway/,bing,receive sms,18,receivesms.org,Duplicate,,,,
http://mini-wahr.de/receive-free-sms-for-whatsapp.html,bing,receive sms,19,mini-wahr.de,False,,,,
http://blumenriviera-shop.de/get-sms-code-online.html,bing,receive sms,20,blumenriviera-shop.de,False,,,,
https://mytempsms.com/receive-sms-from/%E6%B1%9F%E6%B2%B9%E8%AE%BA%E5%9D%9B,bing,receive sms,21,mytempsms.com,Duplicate,,,,
https://www.raymond.cc/blog/top-10-sites-receive-sms-online-without-phone/,bing,receive sms,22,raymond.cc,Duplicate,,,,
https://online-sms.org/,bing,receive sms,23,online-sms.org,Duplicate,,,,
https://www.bing.com/rebates/welcome?url=https%3a%2f%2fwww.tenorshare.com%2fiphone-tips%2freceive-message-online.html&murl=https%3a%2f%2fwww.jdoqocy.com%2fclick-9069228-13780954%3furl%3dhttps%253a%252f%252fwww.tenorshare.com%252fiphone-tips%252freceive-message-online.html%26afsrc%3d1%26SID%3d&id=tenorshare&name=Tenorshare&ra=50%&hash=854ba0863d3d3415cac03352762131839a35da39694a572356e01091c2086eab&network=CJ,bing,receive sms,24,bing.com,False,,,,
http://betsson263-registrieren.de/receive-sms-online-virtual-mobile-number-uk.html,bing,receive sms,25,betsson263-registrieren.de,False,,,,
http://fachschaft-germanistik.de/send-free-sms-without-registration-upto-1000-characters.html,bing,receive sms,26,fachschaft-germanistik.de,False,,,,
https://receive-smss.com/,bing,receive sms free,1,receive-smss.com,Duplicate,,,,
https://receivesms.info/,bing,receive sms free,2,receivesms.info,Duplicate,,,,
https://smsreceivefree.net/,bing,receive sms free,3,smsreceivefree.net,Duplicate,,,,
https://textrapp.com/free-receive-sms-online-tool/,bing,receive sms free,4,textrapp.com,Duplicate,,,,
https://smstome.com/,bing,receive sms free,5,smstome.com,Duplicate,,,,
https://www.free-sms-receive.com/,bing,receive sms free,6,free-sms-receive.com,Duplicate,,,,
https://cloakmobile.com/,bing,receive sms free,7,cloakmobile.com,Duplicate,,,,
https://receive-sms-free.cc/,bing,receive sms free,8,receive-sms-free.cc,Duplicate,,,,
https://www.receivesms.org/,bing,receive sms free,9,receivesms.org,Duplicate,,,,
https://mytempsms.com/,bing,receive sms free,10,mytempsms.com,Duplicate,,,,
https://receivesms.live/,bing,receive sms free,11,receivesms.live,Duplicate,,,,
https://smstools.online/receive-free-sms/,bing,receive sms free,12,smstools.online,Duplicate,,,,
https://7sim.net/,bing,receive sms free,13,7sim.net,Duplicate,,,,
https://receive-sms-free.cc/Free-USA-Phone-Number/,bing,receive sms free,14,receive-sms-free.cc,Duplicate,,,,
https://smstools.online/receive-free-sms/usa/,bing,receive sms free,15,smstools.online,Duplicate,,,,
https://www.getyoursms.com/,bing,receive sms free,16,getyoursms.com,False,,,,
https://www.online-receive-sms.com/,bing,receive sms free,17,online-receive-sms.com,True,https://www.online-receive-sms.com/free-canada-phone-number/12262717474,None,None,None
https://receivesms.cc/,bing,receive sms free,18,receivesms.cc,Duplicate,,,,
https://onlinesmsbox.com/,bing,receive sms free,19,onlinesmsbox.com,True,https://onlinesmsbox.com/number/46728315613,GenericAd,https://onlinesmsbox.com/page/terms-conditions,https://onlinesmsbox.com/page/privacy-policy
https://onlinesim.io/,bing,receive sms free,20,onlinesim.io,Duplicate,,,,
https://receivesmss.net/,bing,receive sms free,21,receivesmss.net,Duplicate,,,,
https://receivefreesms.info/,bing,receive sms free,22,receivefreesms.info,True,https://receivefreesms.info/messages?n=15856393210,None,None,None
https://receive-sms-online.info/,bing,receive sms free,23,receive-sms-online.info,Duplicate,,,,
https://www.receivesms365.com/,bing,receive sms free,24,receivesms365.com,True,https://www.receivesms365.com/messages?n=17609160061,GenericAd,https://receivesms365.com/terms,https://receivesms365.com/privacy
https://freephonenum.com/,bing,receive sms free,25,freephonenum.com,Duplicate,,,,
https://www.receivesms.org/us-phone-numbers/us/,bing,receive sms free,26,receivesms.org,Duplicate,,,,
https://www.bing.com/rebates/welcome?url=https%3a%2f%2fwww.tenorshare.com%2fiphone-tips%2freceive-message-online.html&murl=https%3a%2f%2fwww.jdoqocy.com%2fclick-9069228-13780954%3furl%3dhttps%253a%252f%252fwww.tenorshare.com%252fiphone-tips%252freceive-message-online.html%26afsrc%3d1%26SID%3d&id=tenorshare&name=Tenorshare&ra=50%&hash=854ba0863d3d3415cac03352762131839a35da39694a572356e01091c2086eab&network=CJ,bing,receive sms free,27,bing.com,Duplicate,,,,
https://mytempsms.com/receive-sms-from/Google,bing,receive sms free,28,mytempsms.com,Duplicate,,,,
https://receive-sms-online.info/inactive-numbers.php,bing,receive sms free,29,receive-sms-online.info,Duplicate,,,,
https://www.virtualwebphone.com/,bing,receive sms free,30,virtualwebphone.com,True,https://www.virtualwebphone.com/messages?n=447403280033,None,https://virtualwebphone.com/terms,https://virtualwebphone.com/privacy-policy
http://mini-wahr.de/receive-free-sms-for-whatsapp.html,bing,receive sms free,31,mini-wahr.de,Duplicate,,,,
https://receivesms.info/germany,bing,receive sms free,32,receivesms.info,Duplicate,,,,
https://quackr.io/,bing,receive sms free,33,quackr.io,Duplicate,,,,
https://onlinesim.ru/en/,bing,receive sms free,34,onlinesim.ru,Duplicate,,,,
https://sms-receive.net/,bing,receive sms free,35,sms-receive.net,Duplicate,,,,
https://5sim.net/free,bing,receive sms free,36,5sim.net,Duplicate,,,,
https://drfone.wondershare.com/message/receive-message-online.html,bing,receive sms free,37,drfone.wondershare.com,Duplicate,,,,
http://fachschaft-germanistik.de/send-free-sms-without-registration-upto-1000-characters.html,bing,receive sms free,38,fachschaft-germanistik.de,Duplicate,,,,
https://pingme.tel/receive-sms-online/,bing,receive sms free,39,pingme.tel,Duplicate,,,,
https://freepublicsms.com/numbers/brazil,bing,receive sms free,40,freepublicsms.com,True,https://freepublicsms.com/numbers/uk/447983238372,GenericAd,https://freepublicsms.com/page/terms,https://freepublicsms.com/page/privacy_policy
https://receive-smss.com/,bing,receive sms online,1,receive-smss.com,Duplicate,,,,
https://receivesms.info/,bing,receive sms online,2,receivesms.info,Duplicate,,,,
https://receive-sms-online.info/,bing,receive sms online,3,receive-sms-online.info,Duplicate,,,,
https://receivesms.cc/,bing,receive sms online,4,receivesms.cc,Duplicate,,,,
https://www.receivesms.org/,bing,receive sms online,5,receivesms.org,Duplicate,,,,
https://smstome.com/,bing,receive sms online,6,smstome.com,Duplicate,,,,
https://mytempsms.com/,bing,receive sms online,7,mytempsms.com,Duplicate,,,,
https://receivesms.live/,bing,receive sms online,8,receivesms.live,Duplicate,,,,
https://receiveasmsonline.com/china/,bing,receive sms online,9,receiveasmsonline.com,True,https://receiveasmsonline.com/united-kingdom/447752581601,None,None,None
https://receiveasmsonline.com/france/,bing,receive sms online,10,receiveasmsonline.com,Duplicate,,,,
https://sms-receive.net/,bing,receive sms online,11,sms-receive.net,Duplicate,,,,
https://www.temp99.com/,bing,receive sms online,12,temp99.com,Duplicate,,,,
https://smstools.online/receive-free-sms/,bing,receive sms online,13,smstools.online,Duplicate,,,,
https://www.number4sms.com/,bing,receive sms online,14,number4sms.com,Duplicate,,,,
https://cloakmobile.com/,bing,receive sms online,15,cloakmobile.com,Duplicate,,,,
https://online-sms.org/,bing,receive sms online,16,online-sms.org,Duplicate,,,,
https://mytempsms.com/receive-sms-online/usa-phone-number.html,bing,receive sms online,17,mytempsms.com,Duplicate,,,,
https://receivesms.info/united-states,bing,receive sms online,18,receivesms.info,Duplicate,,,,
https://receivesmss.net/,bing,receive sms online,19,receivesmss.net,Duplicate,,,,
https://receive-sms.com/,bing,receive sms online,20,receive-sms.com,Duplicate,,,,
https://www.receivesms365.com/,bing,receive sms online,21,receivesms365.com,Duplicate,,,,
https://smstools.online/receive-free-sms/usa/,bing,receive sms online,22,smstools.online,Duplicate,,,,
https://receive-sms-free.cc/,bing,receive sms online,23,receive-sms-free.cc,Duplicate,,,,
https://freesms-online.com/phone-numbers,bing,receive sms online,24,freesms-online.com,False,,,,
https://onlinesim.io/,bing,receive sms online,25,onlinesim.io,Duplicate,,,,
https://www.online-receive-sms.com/,bing,receive sms online,26,online-receive-sms.com,Duplicate,,,,
https://freephonenum.com/,bing,receive sms online,27,freephonenum.com,Duplicate,,,,
https://www.receivesms.org/receive-sms-online-from-google/,bing,receive sms online,28,receivesms.org,Duplicate,,,,
https://www.virtualwebphone.com/,bing,receive sms online,29,virtualwebphone.com,Duplicate,,,,
https://receive-sms.cc/US-Phone-Number/,bing,receive sms online,30,receive-sms.cc,Duplicate,,,,
https://receive-sms.com/home,bing,receive sms online,31,receive-sms.com,Duplicate,,,,
https://indiannumber.com/receive-sms/,bing,receive sms online,32,indiannumber.com,True,https://indiannumber.com/inbox/sms.php?number=917428731210,GenericAd,None,None
https://oksms.org/,bing,receive sms online,33,oksms.org,Duplicate,,,,
https://7sim.net/,bing,receive sms online,34,7sim.net,Duplicate,,,,
http://mini-wahr.de/receive-free-sms-for-whatsapp.html,bing,receive sms online,35,mini-wahr.de,Duplicate,,,,
http://blumenriviera-shop.de/get-sms-code-online.html,bing,receive sms online,36,blumenriviera-shop.de,Duplicate,,,,
https://www.receivesms.org/receive-sms-online-from-carepathway/,bing,receive sms online,37,receivesms.org,Duplicate,,,,
http://echte-freude-schenken.de/receive-sms-online-91.html,bing,receive sms online,38,echte-freude-schenken.de,False,,,,
https://receivesms.cc/sms/447533340474,bing,receive sms online,39,receivesms.cc,Duplicate,,,,
https://receive-smss.com/sms/6281905013973/,bing,receive sms online,40,receive-smss.com,Duplicate,,,,
https://pingme.tel/receive-sms-online/,bing,receive sms online,41,pingme.tel,Duplicate,,,,
https://temp-sms.org/,bing,temporary sms,1,temp-sms.org,Duplicate,,,,
https://mytempsms.com/,bing,temporary sms,2,mytempsms.com,Duplicate,,,,
https://smstome.com/,bing,temporary sms,3,smstome.com,Duplicate,,,,
https://receive-smss.com/,bing,temporary sms,4,receive-smss.com,Duplicate,,,,
https://oksms.org/,bing,temporary sms,5,oksms.org,Duplicate,,,,
https://www.receivesms.org/,bing,temporary sms,6,receivesms.org,Duplicate,,,,
https://www.temp99.com/,bing,temporary sms,7,temp99.com,Duplicate,,,,
https://cloakmobile.com/,bing,temporary sms,8,cloakmobile.com,Duplicate,,,,
https://onlinesmsbox.com/,bing,temporary sms,9,onlinesmsbox.com,Duplicate,,,,
https://www.temp-mails.com/,bing,temporary sms,10,temp-mails.com,Duplicate,,,,
https://www.number4sms.com/,bing,temporary sms,11,number4sms.com,Duplicate,,,,
https://quackr.io/,bing,temporary sms,12,quackr.io,Duplicate,,,,
https://online-sms.org/,bing,temporary sms,13,online-sms.org,Duplicate,,,,
https://freephonenum.com/us,bing,temporary sms,14,freephonenum.com,Duplicate,,,,
https://receivesmss.net/,bing,temporary sms,15,receivesmss.net,Duplicate,,,,
https://www.receivesms365.com/,bing,temporary sms,16,receivesms365.com,Duplicate,,,,
https://www.tesms.net/,bing,temporary sms,17,tesms.net,Duplicate,,,,
https://5sim.net/,bing,temporary sms,18,5sim.net,Duplicate,,,,
https://receivesms.cc/,bing,temporary sms,19,receivesms.cc,Duplicate,,,,
https://www.getyoursms.com/,bing,temporary sms,20,getyoursms.com,Duplicate,,,,
https://freephonenum.com/,bing,temporary sms,21,freephonenum.com,Duplicate,,,,
https://freepublicsms.com/,bing,temporary sms,22,freepublicsms.com,Duplicate,,,,
https://www.virtualwebphone.com/,bing,temporary sms,23,virtualwebphone.com,Duplicate,,,,
https://temp-sms.org/?ref=Grabify_Nav,bing,temporary sms,24,temp-sms.org,Duplicate,,,,
https://quackr.io/temporary-numbers,bing,temporary sms,25,quackr.io,Duplicate,,,,
https://freepublicsms.com/page/Free-Temp-Phone-Number,bing,temporary sms,26,freepublicsms.com,Duplicate,,,,
https://receivesms.live/,bing,temporary sms,27,receivesms.live,Duplicate,,,,
https://onlinesim.io/,bing,temporary sms,28,onlinesim.io,Duplicate,,,,
https://receive-sms-free.cc/,bing,temporary sms,29,receive-sms-free.cc,Duplicate,,,,
https://mytempsms.com/receive-sms-from/discord,bing,temporary sms,30,mytempsms.com,Duplicate,,,,
https://www.temp99.com/Receive/Australia/,bing,temporary sms,31,temp99.com,Duplicate,,,,
https://tempsms.net/,bing,temporary sms,32,tempsms.net,False,,,,
https://textport.com/temporary-numbers,bing,temporary sms,33,textport.com,Duplicate,,,,
https://onlinesmsbox.com/country/turkey,bing,temporary sms,34,onlinesmsbox.com,Duplicate,,,,
https://receive-smss.com/inactive-numbers/,bing,temporary sms,35,receive-smss.com,Duplicate,,,,
https://5sim.net/?_escaped_fragment_=,bing,temporary sms,36,5sim.net,Duplicate,,,,
https://freesms-online.com/,bing,temporary sms,37,freesms-online.com,Duplicate,,,,
https://www.tempsms.net/US-Phone-Number,bing,temporary sms,38,tempsms.net,Duplicate,,,,
https://temp-sms.net/,bing,temporary sms,39,temp-sms.net,True,https://temp-sms.net/messages?n=13438037900,None,https://temp-sms.net/terms,https://temp-sms.net/terms
https://mobilesms.io/,bing,temporary sms,40,mobilesms.io,Duplicate,,,,
https://mytempsms.com/,bing,temporary sms free,1,mytempsms.com,Duplicate,,,,
https://temp-sms.org/,bing,temporary sms free,2,temp-sms.org,Duplicate,,,,
https://smstome.com/,bing,temporary sms free,3,smstome.com,Duplicate,,,,
https://receive-smss.com/,bing,temporary sms free,4,receive-smss.com,Duplicate,,,,
https://cloakmobile.com/,bing,temporary sms free,5,cloakmobile.com,Duplicate,,,,
https://onlinesmsbox.com/,bing,temporary sms free,6,onlinesmsbox.com,Duplicate,,,,
https://receivesms.info/,bing,temporary sms free,7,receivesms.info,Duplicate,,,,
https://www.temp99.com/,bing,temporary sms free,8,temp99.com,Duplicate,,,,
https://freepublicsms.com/page/Free-Temp-Phone-Number,bing,temporary sms free,9,freepublicsms.com,Duplicate,,,,
https://7sim.net/,bing,temporary sms free,10,7sim.net,Duplicate,,,,
https://freephonenum.com/,bing,temporary sms free,11,freephonenum.com,Duplicate,,,,
https://oksms.org/,bing,temporary sms free,12,oksms.org,Duplicate,,,,
https://receive-sms-free.cc/,bing,temporary sms free,13,receive-sms-free.cc,Duplicate,,,,
https://freepublicsms.com/,bing,temporary sms free,14,freepublicsms.com,Duplicate,,,,
https://www.receivesms.org/,bing,temporary sms free,15,receivesms.org,Duplicate,,,,
https://freephonenum.com/us,bing,temporary sms free,16,freephonenum.com,Duplicate,,,,
https://quackr.io/temporary-numbers,bing,temporary sms free,17,quackr.io,Duplicate,,,,
https://mytempsms.com/receive-sms-online/country.html,bing,temporary sms free,18,mytempsms.com,Duplicate,,,,
https://www.number4sms.com/,bing,temporary sms free,19,number4sms.com,Duplicate,,,,
https://tempsms.net/,bing,temporary sms free,20,tempsms.net,Duplicate,,,,
https://mytempsms.com/index/article/detail/id/153.html,bing,temporary sms free,21,mytempsms.com,Duplicate,,,,
https://receivesmss.net/,bing,temporary sms free,22,receivesmss.net,Duplicate,,,,
https://www.tesms.net/,bing,temporary sms free,23,tesms.net,Duplicate,,,,
https://www.getyoursms.com/,bing,temporary sms free,24,getyoursms.com,Duplicate,,,,
https://www.virtualwebphone.com/,bing,temporary sms free,25,virtualwebphone.com,Duplicate,,,,
https://www.free-sms-receive.com/,bing,temporary sms free,26,free-sms-receive.com,Duplicate,,,,
https://www.receivesms365.com/,bing,temporary sms free,27,receivesms365.com,Duplicate,,,,
https://online-sms.org/,bing,temporary sms free,28,online-sms.org,Duplicate,,,,
https://www.online-receive-sms.com/,bing,temporary sms free,29,online-receive-sms.com,Duplicate,,,,
https://receivesms.cc/,bing,temporary sms free,30,receivesms.cc,Duplicate,,,,
https://onlinesmsbox.com/country/turkey,bing,temporary sms free,31,onlinesmsbox.com,Duplicate,,,,
https://smstools.online/receive-free-sms/,bing,temporary sms free,32,smstools.online,Duplicate,,,,
https://receive-sms-free.cc/Free-USA-Phone-Number/,bing,temporary sms free,33,receive-sms-free.cc,Duplicate,,,,
https://receivesms.live/,bing,temporary sms free,34,receivesms.live,Duplicate,,,,
https://www.smsonline.cloud/country/Singapore,bing,temporary sms free,35,smsonline.cloud,Duplicate,,,,
https://onlinesim.io/,bing,temporary sms free,36,onlinesim.io,Duplicate,,,,
https://temp-sms.org/?ref=Grabify_Nav,bing,temporary sms free,37,temp-sms.org,Duplicate,,,,
http://mini-wahr.de/sms-verification-free.html,bing,temporary sms free,38,mini-wahr.de,Duplicate,,,,
https://receive-sms.cc/Receive-SMS-From/Discord,bing,temporary sms free,39,receive-sms.cc,Duplicate,,,,
https://www.tempsms.net/US-Phone-Number,bing,temporary sms free,40,tempsms.net,Duplicate,,,,
https://receive-sms.cc/Receive-SMS-From/WhatsApp,bing,temporary sms free,41,receive-sms.cc,Duplicate,,,,
http://freereceivesmsonline.com/,bing,temporary sms free,42,freereceivesmsonline.com,False,,,,
https://www.raymond.cc/blog/top-10-sites-receive-sms-online-without-phone/,bing,public sms inbox,1,raymond.cc,Duplicate,,,,
https://simpletexting.com/sms-inbox/,bing,public sms inbox,2,simpletexting.com,Duplicate,,,,
https://drfone.wondershare.com/message/receive-message-online.html,bing,public sms inbox,3,drfone.wondershare.com,Duplicate,,,,
https://receive-smss.com/,bing,public sms inbox,4,receive-smss.com,Duplicate,,,,
https://receive-sms.com/,bing,public sms inbox,5,receive-sms.com,Duplicate,,,,
https://onlinesmsbox.com/,bing,public sms inbox,6,onlinesmsbox.com,Duplicate,,,,
https://freepublicsms.com/page/Free-Temp-Phone-Number,bing,public sms inbox,7,freepublicsms.com,Duplicate,,,,
https://www.receivesms.org/us-phone-numbers/us/,bing,public sms inbox,8,receivesms.org,Duplicate,,,,
https://receivesms.cc/,bing,public sms inbox,9,receivesms.cc,Duplicate,,,,
https://www.temp-mails.com/,bing,public sms inbox,10,temp-mails.com,Duplicate,,,,
https://sms-receive.net/,bing,public sms inbox,11,sms-receive.net,Duplicate,,,,
https://freephonenum.com/,bing,public sms inbox,12,freephonenum.com,Duplicate,,,,
https://www.mailinator.com/v4/public/inboxes.jsp,bing,public sms inbox,13,mailinator.com,Duplicate,,,,
https://www.textlocal.com/support/knowledge-base/viewing-inbox-messages/,bing,public sms inbox,14,textlocal.com,Duplicate,,,,
https://receive-sms-online.info/,bing,public sms inbox,15,receive-sms-online.info,Duplicate,,,,
https://www.receivesms.org/,bing,public sms inbox,16,receivesms.org,Duplicate,,,,
https://freepublicsms.com/page/Fake-Phone-Number-For-Verification,bing,public sms inbox,17,freepublicsms.com,Duplicate,,,,
https://microsoft.public.sms.admin.narkive.com/mcwzwMFf/status-manager-inbox-not-created,bing,public sms inbox,18,microsoft.public.sms.admin.narkive.com,False,,,,
https://www.mailinator.com/v3/,bing,public sms inbox,19,mailinator.com,Duplicate,,,,
https://freephonenum.com/us,bing,public sms inbox,20,freephonenum.com,Duplicate,,,,
https://pingme.tel/receive-sms-online-canada-15142250543/,bing,public sms inbox,21,pingme.tel,Duplicate,,,,
https://www.publicsurplus.com/sms/mys/inbox,bing,public sms inbox,22,publicsurplus.com,False,,,,
https://receiveasms.com/,bing,public sms inbox,23,receiveasms.com,Duplicate,,,,
https://www.skycore.com/help/sms-inbox-mms-inbox/,bing,public sms inbox,24,skycore.com,Duplicate,,,,
https://www.publicsurplus.com/sms/mys/inbox?page=2,bing,public sms inbox,25,publicsurplus.com,Duplicate,,,,
https://manybrain.github.io/m8rdocs/,bing,public sms inbox,26,manybrain.github.io,False,,,,
https://microsoft.public.sms.misc.narkive.com/vSTF1Ixn/sms-inbox-manager-error-old-cap,bing,public sms inbox,27,microsoft.public.sms.misc.narkive.com,False,,,,
https://tylerpaper.com/news/local/public-invited-to-offer-input-on-proposed-extension-of-waljim-street/article_a9d4275a-9e46-11ec-8dd6-1bee33a464a4.html,bing,public sms inbox,28,tylerpaper.com,False,,,,
https://wcfcourier.com/news/local/city-of-waverly-seeks-public-input-on-projects/article_961a03f6-2554-5858-9f60-3006e7414649.html,bing,public sms inbox,29,wcfcourier.com,False,,,,
https://fremonttribune.com/news/local/nebraska-public-media-offers-text-messaging-service-for-busy-parents-caregivers/article_723b9d13-3a11-5195-a168-9aa7eb49ff3c.html,bing,public sms inbox,30,fremonttribune.com,False,,,,
https://www.nwitimes.com/news/local/lake/crown-point/crown-point-public-works-crews-address-water-main-break/article_37e18cc3-3616-5d97-bf42-5a241fd7faf5.html,bing,public sms inbox,31,nwitimes.com,False,,,,
https://stackoverflow.com/questions/11301046/search-sms-inbox,bing,public sms inbox,32,stackoverflow.com,Duplicate,,,,
https://www.disposablemail.com/,bing,public sms inbox,33,disposablemail.com,False,,,,
https://bismarcktribune.com/news/local/public-meeting-set-on-expressway-intersections/article_a9bfd952-a6a7-5b46-bd60-785daa279c49.html,bing,public sms inbox,34,bismarcktribune.com,False,,,,
https://poststar.com/news/local/crandall-public-library-employees-show-off-artistic-skills-in-new-exhibit/article_34197eae-e57f-5075-bc62-d1fec23e83e4.html,bing,public sms inbox,35,poststar.com,False,,,,
https://receive-sms-free.cc/Free-UK-Phone-Number/,bing,public sms inbox,36,receive-sms-free.cc,Duplicate,,,,
https://billingsgazette.com/news/local/billings-public-schools-will-remove-masks-on-buses/article_7494f3e3-da43-5374-a9c6-e27b4a5ebe9d.html,bing,public sms inbox,37,billingsgazette.com,False,,,,
https://stackoverflow.com/questions/848728/how-can-i-read-sms-messages-from-the-device-programmatically-in-android,bing,public sms inbox,38,stackoverflow.com,Duplicate,,,,
https://thetandd.com/news/local/orangeburg-home-damaged-by-fire/article_928102dd-bfe6-5636-9b0e-97f7ac545818.html,bing,public sms inbox,39,thetandd.com,False,,,,
https://nonpareilonline.com/news/local/council-bluffs-to-host-public-meetings-on-waste-collection-contracts/article_4df11816-9bf9-11ec-9575-7f432d92ce71.html,bing,public sms inbox,40,nonpareilonline.com,False,,,,
https://kearneyhub.com/news/local/kearney-public-schools-girls-designed-bookmark-win-contest/article_3d0e7db2-89c6-11ec-b8f7-3bdb6bb0b72b.html,bing,public sms inbox,41,kearneyhub.com,False,,,,
https://helenair.com/news/local/public-health-lewis-and-clark-co-covid-19-contact-tracing-goes-automated/article_6d0feb95-caea-5f78-b969-3aa2d9458c4c.html,bing,public sms inbox,42,helenair.com,False,,,,
https://billingsgazette.com/news/local/billings-public-schools-will-remove-mask-mandate/article_66d4528a-af95-586b-a3cb-2aece0be33e7.html,bing,public sms inbox,43,billingsgazette.com,Duplicate,,,,
https://omaha.com/opinion/letters/the-public-pulse-revitalize-downtown-presidential-debates-prison-coverage/article_17fafede-7f93-11ec-9566-83d66faeb8cf.html,bing,public sms inbox,44,omaha.com,False,,,,
http://receivesmsonline.net,reaves,,,receivesmsonline.net,Duplicate,,,,
http://receive-sms-online.info,reaves,,,receive-sms-online.info,Duplicate,,,,
http://receive-sms-now.com,reaves,,,receive-sms-now.com,Duplicate,,,,
http://hs3x.com,reaves,,,hs3x.com,Duplicate,,,,
http://receivesmsonline.com,reaves,,,receivesmsonline.com,False,,,,
http://receivefreesms.com,reaves,,,receivefreesms.com,Duplicate,,,,
http://receive-sms-online.com,reaves,,,receive-sms-online.com,Duplicate,,,,
http://e-receivesms.com,reaves,,,e-receivesms.com,False,,,,
http://freesmscode.com,cheng,,,freesmscode.com,False,,,,
http://yinsiduanxin.com,cheng,,,yinsiduanxin.com,True,https://bestreceivesms.com/receive-sms-from-usa/2975325029,GenericAd,None,https://bestreceivesms.com/privacy.html
http://mianfeijiema.com,cheng,,,mianfeijiema.com,True,https://mianfeijiema.com/sms/16465433638,GenericAd,None,None
http://yunduanxin.net,cheng,,,yunduanxin.net,True,http://yunduanxin.net/info/15597124958/,GenericAd,None,None
http://smsreceivefree.com,cheng,,,smsreceivefree.com,Duplicate,,,,
http://bfkdim.com,cheng,,,bfkdim.com,Duplicate,,,,
http://yunjiema.net,cheng,,,yunjiema.net,True,https://yunjiema.net/meiguohaoma/17604862717/,GenericAd,https://yunjiema.net/terms.html,https://yunjiema.net/terms.html
http://becmd.com,cheng,,,becmd.com,False,,,,
http://us-phone-number.com,cheng,,,us-phone-number.com,Duplicate,,,,
http://receive-smss.com,cheng,,,receive-smss.com,Duplicate,,,,
